332317478170546176	ADE	28	37	allergies
347806215776116737	ADE	31	46	HURT YOUR Liver
350336129817509888	ADE	48	50	AD
350336129817509888	ADE	88	93	focus
332540699692130304	ADE	11	15	died
332542581760204800	ADE	40	44	died
343944308828811264	ADE	66	79	tendon damage
348644040444637184	ADE	26	32	dreams
352217412046823425	ADE	84	98	tendon rupture
332457841749286913	ADE	101	111	withdrawal
341552558369800192	ADE	13	27	emotional mess
341555493409542144	ADE	17	29	not remember
341555493409542144	ADE	84	96	memory lapse
341689297503662080	ADE	5	8	nap
341767297649766400	ADE	71	82	psychedelic
354228220431843328	ADE	94	100	mashed
332556333704413184	ADE	66	77	space cadet
341311579536650240	ADE	38	51	illness worse
341311579536650240	ADE	72	81	can't eat
353079130692124672	ADE	30	38	allergic
336988171973824512	ADE	127	138	withdrawals
340627449496887296	ADE	41	47	hungry
344346660530434048	ADE	104	114	joint pain
344942366387494912	ADE	61	68	fistula
344942366387494912	ADE	123	140	painful reactions
346087419424169984	ADE	98	105	fatigue
346087419424169984	ADE	113	117	achy
346096906985938945	ADE	112	119	fatigue
346096906985938945	ADE	127	131	achy
350691733987799040	ADE	39	48	no immune
351399799750279168	ADE	12	24	nerve damage
351399799750279168	ADE	35	42	MS like
344127080918827008	ADE	89	93	pain
344127080918827008	ADE	98	106	weakness
344127080918827008	ADE	117	124	seizure
345607804171743233	ADE	52	58	rashes
349086151249903617	ADE	12	45	hair is... definitely falling out
330466694189428737	ADE	90	94	sick
345333265089048577	ADE	63	72	depressed
351285012047470592	ADE	36	45	addictive
351285012047470592	ADE	83	95	clusterheads
351285012047470592	ADE	98	110	days of hell
344848831646670848	ADE	38	46	allergic
330457675445968896	ADE	53	64	can't think
330457675445968896	ADE	69	82	see) straight
351412839447146496	ADE	31	41	starvation
327835368164573186	ADE	27	43	increases hunger
330154444459241472	ADE	45	51	dreams
332497216080052224	ADE	37	40	fat
332497216080052224	ADE	83	93	hand shake
340983454554546176	ADE	110	125	stopped working
346275392090423296	ADE	91	119	Getting out of bed is haaard
347746008903581696	ADE	3	25	creativity was blocked
351423946706526209	ADE	43	46	w/d
331146154786041856	ADE	36	42	drowsy
331146154786041856	ADE	43	47	haze
343602068067581952	ADE	64	74	brain zaps
343602068067581952	ADE	90	110	genitals aren't numb
347713864009408513	ADE	102	107	detox
340535092873162752	ADE	24	37	facial spasms
340535092873162752	ADE	68	71	eye
326575463835250689	ADE	51	56	awake
329128359063859201	ADE	17	26	out of it
329128359063859201	ADE	47	56	doping up
331370652881797120	ADE	0	7	-9.5lbs
331411632213344256	ADE	107	132	horrid intrusive thoughts
341242496321482753	ADE	71	79	allergic
342324117812420609	ADE	25	30	sleep
347461921676607489	ADE	123	136	hallucinating
349974468547981317	ADE	89	98	dry mouth
351415959514390530	ADE	116	138	20 hours a day, asleep
354343052212568066	ADE	55	71	prolactin levels
354343052212568066	ADE	83	98	boobs humungous
343153861915201538	ADE	57	75	knee still painful
343153861915201538	ADE	77	86	Back ache
345083262672175104	ADE	32	47	Lower back ache
345083262672175104	ADE	49	58	neck ache
345083262672175104	ADE	60	64	hips
345083262672175104	ADE	69	79	knees ache
345083262672175104	ADE	81	96	short of breath
345880550915059712	ADE	42	50	backache
349303644262367234	ADE	26	49	muscle &amp; back pains
349303644262367234	ADE	39	49	back pains
332457979939016705	ADE	109	124	not remembering
333037072992575490	ADE	81	91	drowsiness
333203009209266176	ADE	34	78	sleep on my own. but i got at least 16 hours
333613151599869952	ADE	67	80	sugar crashes
333613151599869952	ADE	107	115	feel ill
343283459533443072	ADE	61	74	won't wake up
343376431864229889	ADE	9	21	not remember
348336073967022080	ADE	91	126	feels like I have raw nerve endings
349006492898295808	ADE	88	115	sleep for 12 straight hours
350867989538684929	ADE	84	104	urge to procure food
326928335110291456	ADE	92	102	dependence
327604889540755456	ADE	50	56	asleep
328660565033639937	ADE	36	59	knocked me the fuck out
333208965607456771	ADE	34	38	high
333208965607456771	ADE	77	82	drunk
339971334794772480	ADE	104	113	tolerance
341622840933629953	ADE	28	42	sleep schedule
346580466041778176	ADE	77	111	felt like I.had a frontal lobotomy
348206994722783232	ADE	58	62	sick
348206994722783232	ADE	64	76	couldnt move
348206994722783232	ADE	89	97	migraine
348206994722783232	ADE	99	103	puke
348206994722783232	ADE	105	111	shakes
350848441829687296	ADE	49	59	nightmares
350848441829687296	ADE	76	84	insomnia
326995800024571906	ADE	16	21	tired
326995800024571906	ADE	75	97	no freaking motivation
326995800024571906	ADE	101	107	energy
327367830527963137	ADE	9	14	sleep
327367830527963137	ADE	32	37	tired
327367830527963137	ADE	42	47	dizzy
328794465395437568	ADE	52	58	drowsy
328794465395437568	ADE	86	102	don't sleep well
329499342601854976	ADE	0	23	Feel crap every morning
329499342601854976	ADE	47	61	restless night
329975207488004096	ADE	80	93	carb cravings
330685673055088640	ADE	0	6	Dreamt
330685673055088640	ADE	96	102	dreams
330685673055088640	ADE	124	134	withdrawal
332929438713004034	ADE	95	109	dreamt colours
332929438713004034	ADE	114	134	lost my fucking mind
342267219792781312	ADE	57	71	falling asleep
349627789009367040	ADE	113	120	sickest
342907594135977986	ADE	32	39	ZOMBIES
343031253072764928	ADE	78	103	eat because I just forget
343525207937544192	ADE	19	24	hyper
344152692547018752	ADE	27	46	Can't. Stop. Moving
344865165608636416	ADE	17	29	felt drugged
344865863490473984	ADE	85	95	lose focus
345176614683959298	ADE	4	13	come down
326406322323066883	ADE	45	71	feel like crying but can't
326406322323066883	ADE	111	117	zombie
326455480891346947	ADE	46	55	Lethargic
326455480891346947	ADE	108	122	hot &amp; cold
326789014290055168	ADE	26	32	hungry
326789014290055168	ADE	53	75	want to eat my own arm
327136020594307072	ADE	105	137	 parody of an actual human being
327202063299788801	ADE	13	26	try for sleep
327202063299788801	ADE	49	62	light bastard
327692063460163585	ADE	62	75	wiping me out
327692063460163585	ADE	104	118	can't function
327793679634931712	ADE	38	73	feel like I am in a straight jacket
327793679634931712	ADE	85	103	muscles feel stiff
328059687327109120	ADE	18	30	light' sleep
328059687327109120	ADE	32	40	Feel low
328059687327109120	ADE	42	49	Subdued
328059687327109120	ADE	51	54	Sad
328244482455764994	ADE	75	89	sleep problems
328248124399296512	ADE	86	101	 tired daytimes
328645545411354625	ADE	0	10	Over-eaten
329201654484328450	ADE	58	69	interaction
329201654484328450	ADE	120	125	dizzy
329340088809033730	ADE	120	126	sleepy
329541278268264448	ADE	90	98	comatose
329617517578444802	ADE	128	133	manic
329832584282513408	ADE	90	96	dreams
329867012782309376	ADE	0	7	Tearful
329867012782309376	ADE	34	51	poor nights sleep
329867012782309376	ADE	74	85	withdrawing
329890622674718720	ADE	0	17	Joints killing me
329890622674718720	ADE	121	130	Knackered
330026374758797312	ADE	100	108	addicted
330070815049662465	ADE	0	10	coming off
330070815049662465	ADE	47	53	nausea
330070815049662465	ADE	54	62	sickness
330070815049662465	ADE	63	75	hot and cold
330070815049662465	ADE	76	83	shivers
330070815049662465	ADE	84	93	twitching
330070815049662465	ADE	94	102	headache
330249629247610880	ADE	35	45	withdrawal
330545428493893632	ADE	67	73	zombie
330740866807386112	ADE	17	26	addictive
330740866807386112	ADE	34	58	discontinuation syndrome
330877304140083200	ADE	77	81	high
330910232819679235	ADE	2	26	feel like a pile of shit
330910232819679235	ADE	28	32	sick
330910232819679235	ADE	34	38	cold
330910232819679235	ADE	40	56	stomach reacting
330991367222337536	ADE	0	5	Slept
331478814888689664	ADE	41	62	breastmilk production
331478814888689664	ADE	89	103	hallucinations
331745125501915138	ADE	29	46	allergic reaction
331745125501915138	ADE	92	96	rash
331818975681982464	ADE	19	23	burp
331818975681982464	ADE	33	46	want to ralph
331961284935434242	ADE	71	77	Groggy
332175390044999680	ADE	23	34	withdrawing
332176466940923904	ADE	85	104	knocks me right out
332176466940923904	ADE	109	129	won't let me wake up
332280215931858945	ADE	37	51	muscle tremors
332280215931858945	ADE	103	114	combination
332298447866707969	ADE	42	53	withdrawals
332302887940145152	ADE	71	80	withdraws
332304295791824897	ADE	134	138	sick
332356011946016768	ADE	59	68	delirious
332356011946016768	ADE	78	87	messed up
332391387901358081	ADE	65	74	delirious
332511485043548162	ADE	68	77	back pain
332511485043548162	ADE	93	96	sad
332511485043548162	ADE	101	121	crying for no reason
332511485043548162	ADE	101	107	crying
332666031778721792	ADE	33	41	allergic
332906821624934400	ADE	68	74	nausea
332906821624934400	ADE	96	107	hypotension
332978332679409665	ADE	69	78	biffiness
333029850547900416	ADE	111	134	sleep for fifteen hours
333047285430751232	ADE	46	55	addictive
333047285430751232	ADE	103	114	hands shake
333047285430751232	ADE	129	139	brain zaps
333047948642492416	ADE	75	86	parasthesia
333047948642492416	ADE	75	86	parasthesia
333047948642492416	ADE	88	106	cognitive problems
333047948642492416	ADE	108	121	kidney stones
333050589867028480	ADE	122	130	migraine
333180265264472065	ADE	100	117	going though hell
333249611403784193	ADE	81	95	put on weight 
333249611403784193	ADE	106	116	extra 20kg
333286778628870145	ADE	89	111	Coming off venlafaxine
333286778628870145	ADE	124	129	nasty
333294325951774720	ADE	52	64	symptom free
333297273750564864	ADE	13	28	wake up at 2:30
333297273750564864	ADE	39	61	half your day sleeping
333304563857780736	ADE	63	83	eyes are outta focus
333304563857780736	ADE	92	111	can't walk straight
333358524274987008	ADE	40	60	ruined my creativity
333358524274987008	ADE	70	89	memory now is awful
333358524274987008	ADE	70	76	memory
333359537992118274	ADE	42	51	revved up
333359537992118274	ADE	100	111	stupid head
333450968328974336	ADE	86	93	bloated
333450968328974336	ADE	119	148	heart was beating wicked fast
333452116511309824	ADE	8	13	tired
333457801953284097	ADE	62	78	holes in my head
333466989102239744	ADE	62	70	crippled
333466989102239744	ADE	126	136	can't walk
333519110946291712	ADE	90	102	not sleeping
333722857290989568	ADE	52	76	hypo manic mixed episode
333735685406224385	ADE	75	89	falling asleep
333735685406224385	ADE	109	133	brain's always scattered
333782488428212226	ADE	20	29	Achille's
333801812610138114	ADE	109	140	shitty feeling when you wake up
333824061656412160	ADE	30	34	pain
333824061656412160	ADE	42	52	tendonitis
333824061656412160	ADE	54	63	headaches
333824061656412160	ADE	65	81	cognitive issues
333854639332151296	ADE	73	77	pain
333854639332151296	ADE	96	128	Struggled to get out of the bath
333866431626235906	ADE	36	44	hobbling
333866431626235906	ADE	120	128	ruptures
333961182874566659	ADE	102	113	itchy scalp
333961182874566659	ADE	120	128	hairloss
333962515232985088	ADE	82	87	tired
333962515232985088	ADE	92	103	half-asleep
333967101628923904	ADE	17	29	takes it out
333967101628923904	ADE	59	67	sleeping
340177324798525440	ADE	31	39	addicted
340233810903982080	ADE	44	54	withdrawal
340305120258564097	ADE	44	50	poison
340305120258564097	ADE	58	79	kills your taste buds
340322414133129216	ADE	22	28	poison
340322414133129216	ADE	78	86	headache
340332151184691200	ADE	4	40	nicotine beast has me firmly gripped
340332151184691200	ADE	26	68	firmly gripped in it's gnarled yellow claw
340334658183110656	ADE	3	12	shivering
340339429329760256	ADE	21	25	high
340347328479260672	ADE	38	44	sadvil
340371556930818048	ADE	65	71	addict
340416031971500032	ADE	40	50	cold sweat
340416031971500032	ADE	65	73	insomnia
340513045916835840	ADE	63	68	 numb
340513045916835840	ADE	123	131	lifeless
340520325110456323	ADE	97	105	THROWING
340530953015402497	ADE	106	133	trying to function normally
340567278422728704	ADE	120	135	can't take both
340660708364677120	ADE	39	48	withdrawl
340937210973016064	ADE	50	58	Toxicity
340937210973016064	ADE	106	118	chronic pain
340951233055580160	ADE	65	74	legs ache
340959965877522432	ADE	14	34	suicidally depressed
340959965877522432	ADE	56	61	voice
340959965877522432	ADE	100	113	worthlessness
340978989285908480	ADE	97	117	shaking like ur cold
340978989285908480	ADE	118	127	shivering
341008335463669760	ADE	26	34	munchies
341008335463669760	ADE	43	54	eatin weird
341008335463669760	ADE	89	103	tearin up food
341027310780153856	ADE	97	102	worse
341042669327364096	ADE	47	61	tongue is numb
341115678557884416	ADE	31	49	damage ALL tendons
341115678557884416	ADE	91	95	walk
341116202338361344	ADE	42	53	been in bed
341118058305318912	ADE	35	43	crippled
341121734126231552	ADE	88	98	disability
341212339883868160	ADE	34	40	stupid
341212339883868160	ADE	45	51	clumsy
341306691310215168	ADE	98	111	feeling awful
341306691310215168	ADE	122	132	withdrawal
341632186849566720	ADE	89	112	brain is a sack of NOPE
341655044569047041	ADE	79	89	depression
341655044569047041	ADE	106	109	ocd
341655044569047041	ADE	110	118	insomnia
341664551076499457	ADE	13	18	tired
341664551076499457	ADE	51	64	sleep so much
341691080019943424	ADE	82	92	depression
341696140116365312	ADE	47	61	eating all day
341696140116365312	ADE	68	78	feel weird
341700947707314178	ADE	58	67	depressed
341732677487063042	ADE	3	20	feeling so shitty
341734697115742208	ADE	31	40	headaches
341752469287755776	ADE	73	95	put a gun in your hand
341797745549516800	ADE	50	56	drowsy
341818667773853696	ADE	0	14	Feels dreadful
341818667773853696	ADE	124	133	lung pain
341822266851594240	ADE	86	102	rid myself of it
341822266851594240	ADE	127	135	no sleep
341830080873504769	ADE	20	28	allergic
341830080873504769	ADE	64	68	sick
341861781385383936	ADE	30	37	nauseas
341861781385383936	ADE	67	74	chunder
341903484242784256	ADE	105	118	tummy trouble
341943632657543169	ADE	31	41	withdrawal
341964103297945600	ADE	54	81	perspective time and people
341966225259233281	ADE	25	44	losing every breath
341966225259233281	ADE	75	99	 heart beat out my chest
342011049928687616	ADE	68	77	up till 4
342011049928687616	ADE	103	109	zombie
342011049928687616	ADE	118	123	tired
342087942472359936	ADE	40	53	schizophrenia
342087942472359936	ADE	60	72	hear answers
342109935531868161	ADE	36	45	thick fog
342124485253664768	ADE	31	39	TooChill
342124485253664768	ADE	41	47	Zombie
342150382698504192	ADE	70	78	weakness
342150382698504192	ADE	83	94	muscle pain
342163994209054720	ADE	23	36	Weirdo dreams
342163994209054720	ADE	46	52	drowsy
342166652617629696	ADE	7	24	hearing the words
342222942853287936	ADE	51	59	suicidal
342222942853287936	ADE	91	95	numb
342229999450992640	ADE	102	111	headaches
342240470535139328	ADE	34	43	got me up
342240470535139328	ADE	52	76	only slept about 2 hours
342283136480206848	ADE	54	64	withdrawal
342283136480206848	ADE	75	82	anxiety
342283136480206848	ADE	109	121	hypochondria
342299048105091072	ADE	11	14	low
342310086363983873	ADE	34	45	weight gain
342314998904786945	ADE	10	20	withdrawal
342314998904786945	ADE	41	52	lost vision
342314998904786945	ADE	86	95	brain zap
342322703556038657	ADE	27	35	nauseous
342349802601844737	ADE	71	84	gainin weight
342349802601844737	ADE	101	104	fat
342349802601844737	ADE	109	118	can't cum
342355917045645313	ADE	21	29	headache
342359425400582144	ADE	72	83	exacerbates
342369061524615168	ADE	55	75	WON'T YOU LET ME EAT
342376807527497730	ADE	40	45	toxic
342376807527497730	ADE	93	114	equivalent to torture
342376807527497730	ADE	116	119	oww
342393613180862465	ADE	43	49	rashes
342393613180862465	ADE	81	97	Skin sensitivity
342397871229911040	ADE	110	115	wonky
342476405872939008	ADE	25	43	makes me nocturnal
342476405872939008	ADE	34	43	nocturnal
342479732811644929	ADE	27	35	headache
342480912350576641	ADE	56	60	balm
342480912350576641	ADE	95	103	hairloss
342537091495895040	ADE	28	58	sleeping schedule of a vampire
342607933672148992	ADE	4	25	Vitamin D malsorption
342607933672148992	ADE	116	132	calcium problems
342671774519009280	ADE	136	145	depressed
342705807537868802	ADE	59	68	wait gain
342705807537868802	ADE	99	105	weight
342730668704415745	ADE	103	121	destroyed my liver
342763086056419329	ADE	78	95	allergic reaction
342763086056419329	ADE	107	123	almost killed me
342843798554046464	ADE	56	70	mixed episodes
342843798554046464	ADE	84	95	instability
342918945839411200	ADE	130	134	high
343076301835472898	ADE	21	32	WITHDRAWALS
343109117877026818	ADE	8	24	blew out my arms
343109117877026818	ADE	31	36	heels
343109117877026818	ADE	50	54	hurt
343109117877026818	ADE	76	80	pain
343130110569873409	ADE	18	23	vomit
343130110569873409	ADE	45	54	migraines
343146080269111297	ADE	31	47	Bizarre thoughts
343154435695980547	ADE	11	20	irritated
343154435695980547	ADE	47	66	can't think as fast
343161902710542337	ADE	86	92	zombie
343255526232178688	ADE	28	45	flu Iike symptoms
343255526232178688	ADE	47	62	aches and pains
343255526232178688	ADE	64	71	shivers
343255526232178688	ADE	74	80	sweats
343359399659712512	ADE	101	105	rage
343472402082181120	ADE	31	36	Aches
343472402082181120	ADE	45	54	back pain
343472402082181120	ADE	63	81	Swollen lower legs
343472402082181120	ADE	87	102	fluid retention
343476427846475776	ADE	31	47	comedown is hell
343476427846475776	ADE	120	130	zap noises
343481297446006784	ADE	32	48	inability to cry
343481297446006784	ADE	56	64	dry eyed
343482622871236608	ADE	28	38	over think
343482622871236608	ADE	66	71	angry
343491179695964160	ADE	4	9	tired
343491179695964160	ADE	49	56	naptime
343523993749434369	ADE	27	43	blew out my arms
343523993749434369	ADE	50	55	heels
343523993749434369	ADE	69	73	hurt
343523993749434369	ADE	95	99	pain
343569840684007424	ADE	7	12	wired
343569840684007424	ADE	14	26	Not sleeping
343814311971528705	ADE	16	40	 tendons in lots of pain
343814311971528705	ADE	60	79	hands barely usable
343828151400554496	ADE	56	69	brain shivers
343828151400554496	ADE	110	120	withdrawal
343855437420052480	ADE	116	131	barely function
343885385077768193	ADE	0	13	Restless arms
343885385077768193	ADE	0	24	restless arms &amp; legs
343904497518669824	ADE	10	18	sleeping
343910899507154944	ADE	101	112	gain weight
344013339350929408	ADE	74	80	zombie
344117668200210433	ADE	43	50	ab pain
344117668200210433	ADE	52	58	cramps
344117668200210433	ADE	59	65	nausea
344117668200210433	ADE	66	75	vomitting
344117668200210433	ADE	77	81	skin
344117668200210433	ADE	82	96	joint problems
344117668200210433	ADE	98	113	ulcers in mouth
344117668200210433	ADE	114	121	fatique
344173110209179648	ADE	85	98	reacted badly
344189386763681792	ADE	77	80	ill
344220746198958080	ADE	14	30	pee way too much
344220746198958080	ADE	111	120	dehydrate
344267687582642177	ADE	5	9	rant
344267687582642177	ADE	26	35	withdrawl
344268787182338049	ADE	11	20	addiction
344268787182338049	ADE	67	77	dependance
344268787182338049	ADE	106	114	headache
344309040282734593	ADE	96	105	depressed
344347416289488896	ADE	24	47	felt like sumo wrestler
344351386542174208	ADE	48	61	urge to vomit
344351386542174208	ADE	70	85	feel disgusting
344384333588602880	ADE	48	73	cleaned my entire kitchen
344384333588602880	ADE	80	83	3am
344496248478384128	ADE	57	66	migraines
344496248478384128	ADE	116	121	tired
344528512004272129	ADE	4	8	high
344581349547589636	ADE	90	102	pancreatitis
344581349547589636	ADE	107	125	digestive problems
344630020364460032	ADE	46	54	addicted
344733595103002624	ADE	33	41	headache
344733595103002624	ADE	49	57	shoulder
344733595103002624	ADE	62	71	neck ache
344733595103002624	ADE	67	71	ache
344733595103002624	ADE	73	88	lower back pain
344733595103002624	ADE	79	88	back pain
344733595103002624	ADE	90	100	weak knees
344733595103002624	ADE	102	109	limping
344733595103002624	ADE	102	110	limping 
344787549706940416	ADE	20	29	tourettes
344787549706940416	ADE	51	58	Twitchy
344829955051495424	ADE	91	100	addiction
344830732075663360	ADE	68	77	addiction
344923302919278592	ADE	56	62	hungry
344923302919278592	ADE	73	106	tear my own face off &amp; eat it
344923302919278592	ADE	110	113	cry
344939998807736320	ADE	51	64	whacks me out
344939998807736320	ADE	80	86	asleep
344963390038499328	ADE	62	65	TMJ
344963390038499328	ADE	66	75	headaches
345166429974327297	ADE	71	76	aches
345166429974327297	ADE	93	108	lower back ache
345166429974327297	ADE	113	123	weak knees
345280161941430272	ADE	53	58	sick 
345280161941430272	ADE	53	57	sick
345284715630190592	ADE	14	22	allergic
345284736110960641	ADE	68	72	sick
345297976589172736	ADE	40	56	hating the world
345416979722678272	ADE	82	97	steal your soul
345416979722678272	ADE	113	120	bloated
345416979722678272	ADE	121	127	zombie
345505967829573632	ADE	51	70	not working as well
345505967829573632	ADE	125	131	sleepy
345537648926015488	ADE	56	78	like taking rat poison
345577264949379072	ADE	122	136	worsening pain
345626164481634304	ADE	53	62	hypomania
345762127270793217	ADE	22	37	sleep paralysis
345762127270793217	ADE	71	84	muscle spasms
345762127270793217	ADE	71	84	muscle spasms
346054053182193665	ADE	47	52	tired
346070352121712640	ADE	84	106	blood pressure dropped
346070352121712640	ADE	116	129	couldn't walk
346113006150758401	ADE	38	47	sex drive
346113006150758401	ADE	50	56	libido
346113006150758401	ADE	85	95	withdrawal
346352039904833536	ADE	85	94	screaming
346352039904833536	ADE	99	105	crying
346415316575858690	ADE	1	15	arms stil hurt
346415316575858690	ADE	26	57	tendons is like a razor to rope
346415316575858690	ADE	92	98	weaker
346415316575858690	ADE	105	115	won't heal
346474302138359808	ADE	28	33	tired
346488248320794624	ADE	16	31	lower back pain
346488248320794624	ADE	52	60	crippled
346641300092768257	ADE	64	78	neuro problems
346641300092768257	ADE	80	86	ataxia
346706331119538176	ADE	24	36	felt nothing
346706331119538176	ADE	81	119	coming off klonopin and paxil was hell
347137874568830977	ADE	41	46	dream
347149965631553536	ADE	122	143	groggy in the morning
347173948510834688	ADE	106	113	painful
347326324085510144	ADE	17	22	burns
347326633725800448	ADE	89	94	hurts
347360872278151168	ADE	61	70	zombified
347414282138431488	ADE	37	41	flat
347414282138431488	ADE	77	88	weight gain
347529563628253184	ADE	52	68	messed up dreams
347552147954622464	ADE	83	95	racing heart
347552147954622464	ADE	100	112	palpitations
347639316425617408	ADE	4	16	not sleeping
347771700370370560	ADE	112	124	messed me up
347784229842726913	ADE	47	52	aches
347784229842726913	ADE	57	62	pains
347788913479393280	ADE	29	39	withdrawal
347788913479393280	ADE	49	68	feel kinda terrible
347824349572644865	ADE	39	51	gained 40lbs
347834378270961664	ADE	102	130	inside i was still screaming
347901325801029632	ADE	99	121	""metabolic"" syndrome
347973045023043584	ADE	17	30	knocks me out
347986748795650048	ADE	39	52	muscle spasms
347986748795650048	ADE	100	115	fluid retention
347986748795650048	ADE	122	128	mobile
348136954900127744	ADE	84	88	Rash
348136954900127744	ADE	114	122	Glaucoma
348272601430364160	ADE	119	135	shot my daughter
348283506037764098	ADE	21	28	lo0o0py
348283506037764098	ADE	69	91	thirty minutes to type
348283506037764098	ADE	99	138	waking up without knowing I feel asleep
348287743568277504	ADE	52	57	pains
348287743568277504	ADE	104	119	fluid retention
348355774642266112	ADE	69	83	sleep for days
348355774642266112	ADE	69	83	sleep for days
348387894416773120	ADE	37	46	addictive
348387894416773120	ADE	64	72	sedating
348456216663580673	ADE	27	37	physically
348456216663580673	ADE	42	58	mentally drained
348649853552828417	ADE	66	96	neck, back, hip, and leg aches
348649853552828417	ADE	72	96	back, hip, and leg aches
348649853552828417	ADE	78	96	hip, and leg aches
348649853552828417	ADE	87	96	leg aches
348662789964972032	ADE	70	80	headaches 
348662789964972032	ADE	70	79	headaches
348671976308609024	ADE	79	114	common for apartments to be haunted
348695929227993088	ADE	110	124	antipsychotics
348748124916965377	ADE	95	105	withdrawal
348807944244166658	ADE	33	38	Pains
348813268363657216	ADE	0	42	Feels like one of those 5-cup #coffee days
348829559958937601	ADE	106	119	stay in shape
348846174846992384	ADE	70	73	ill
348898590124552193	ADE	26	34	lucidity
348901778563166209	ADE	12	33	dreams became vivider
348906168556605440	ADE	0	6	Bombed
348906168556605440	ADE	89	107	sleep all the time
348907867593658368	ADE	42	53	after sting
348940056553197568	ADE	62	94	look at my Farrah Fawcett poster
349022614959837184	ADE	60	70	withdrawal
349033495026343936	ADE	69	73	sick
349060806245240832	ADE	59	68	egg burps
349181810237898752	ADE	96	114	increase my weight
349184456558518272	ADE	47	67	rage breaking things
349189973662134272	ADE	6	10	sick
349190696961466368	ADE	31	37	nauaea
349190696961466368	ADE	91	105	kicking my ass
349205685835272193	ADE	24	67	can't even get whipped cream out of the can
349205685835272193	ADE	72	101	arms just keep getting worse.
349328587255590912	ADE	84	94	withdrawal
349382072810483712	ADE	9	16	DIZZING
349382072810483712	ADE	109	120	feel so Ick
349447249161494530	ADE	37	59	doing things difficult
349447249161494530	ADE	99	110	fall asleep
349455785308327936	ADE	34	58	shooting pains down arms
349455785308327936	ADE	34	69	shooting pains down arms &amp; legs
349455785308327936	ADE	93	102	body ache
349468860673572864	ADE	68	79	lightweight
349494516593590272	ADE	42	47	tired
349494516593590272	ADE	54	62	in a fog
349523241632669696	ADE	14	30	dont get it, sex
349543406747389953	ADE	80	95	slept 13-14 hrs
349543406747389953	ADE	112	123	feel wasted
349549083389734912	ADE	22	36	intense dreams
349638554021937154	ADE	82	123	you can check in, but you can never leave
349837320029077505	ADE	40	50	withdrawal
349837320029077505	ADE	67	76	emotional
349837320029077505	ADE	109	124	crawl in a hole
349860621141028865	ADE	40	62	dark night of the soul
349900825138692098	ADE	94	105	gastro pain
349900825138692098	ADE	130	136	crying
349904271401168898	ADE	117	127	withdrawal
349916421687480320	ADE	121	133	just woke up
349959820444573696	ADE	49	64	weight I put on
349995143006400514	ADE	72	86	 carb cravings
349995143006400514	ADE	73	86	carb cravings
350232501215707137	ADE	85	102	shouldn't wake up
350237950187016194	ADE	78	85	tremors
350461821540511744	ADE	55	66	withdrawals
350461821540511744	ADE	106	110	sick
350461821540511744	ADE	112	121	withdraws
350461821540511744	ADE	123	135	sicksicksick
350547781091459072	ADE	75	80	aches
350547781091459072	ADE	85	90	pains
350668902902145028	ADE	54	70	Trying to get up
350675032449630211	ADE	41	44	JCV
350675032449630211	ADE	60	63	JCV
350789905833664512	ADE	47	78	hip joints just started hurting
350859685227798531	ADE	44	48	sick
350859685227798531	ADE	82	90	seizures
350859685227798531	ADE	82	90	seizures
350969549681725440	ADE	80	86	bowels
351022442845700096	ADE	126	136	withdrawal
351039957969797120	ADE	97	109	Broken sleep
351364309042999297	ADE	51	61	dehydrates
351442731454828544	ADE	44	53	depressed
351442731454828544	ADE	44	53	depressed
351442731454828544	ADE	73	78	angry
351479998403706881	ADE	52	70	Respiratory issues
351479998403706881	ADE	127	138	lung issues
351520573777641473	ADE	86	120	""smelled"" a pungent solvent odor
351520573777641473	ADE	124	129	smell
351521362562654208	ADE	26	31	Chemo
351521362562654208	ADE	89	107	destroyed my lungs
351522228065677312	ADE	24	32	headache
351522228065677312	ADE	37	43	nausea
351572373134258176	ADE	13	27	t cell went up
351617714722316288	ADE	107	123	hair falling out
351624745239838721	ADE	28	36	eyesight
351624745239838721	ADE	64	98	awesome vision, to wearing glasses
351634675959205888	ADE	89	97	insomnia
351665013884321793	ADE	30	38	cravings
351665424720609280	ADE	32	42	alcoholism
351665424720609280	ADE	65	74	cravings 
351668006499258369	ADE	116	122	sleepy
351677046755303424	ADE	53	69	tremors in hands
351677046755303424	ADE	53	78	tremors in hands and legs
351677046755303424	ADE	80	96	Body would rock 
351677046755303424	ADE	110	122	Restlessness
351677046755303424	ADE	124	135	Desperation
351686195098558465	ADE	57	78	feet are always going
351686195098558465	ADE	89	115	twirls her hair constantly
351687991451860992	ADE	33	45	restlessness
351687991451860992	ADE	57	76	did make my legs go
351689824148799489	ADE	1	8	Tremors
351689824148799489	ADE	64	84	tension in my nerves
351689824148799489	ADE	97	104	shaking
351782926419111939	ADE	39	43	sick
351870648974446593	ADE	6	15	Nightmare
351870648974446593	ADE	29	34	awake
352310415616786432	ADE	13	24	eh whatever
352456944537178112	ADE	3	9	wailed
352456944537178112	ADE	41	48	sobbing
352456944537178112	ADE	85	109	DISCONTINUATION SYNDROME
352468992402796544	ADE	109	118	insomniac
352481116801871873	ADE	78	91	night visions
352627089926656000	ADE	20	36	sleep past 24hrs
352627089926656000	ADE	114	125	tummy pains
352629381534978048	ADE	106	115	exhausted
352742688522641409	ADE	70	84	reduces libido
352742688522641409	ADE	96	104	lethargy
352819630613598209	ADE	43	54	gain weight
352862592072560640	ADE	5	13	paranoia
352862592072560640	ADE	21	35	leg is itching
352974009723387906	ADE	42	48	zombie
352974009723387906	ADE	59	75	hating the world
353414347126620160	ADE	81	86	drunk
353414347126620160	ADE	88	98	staggering
353414347126620160	ADE	100	111	blurry-eyed
353414347126620160	ADE	113	120	amnesic
353569952357285889	ADE	65	75	drowsiness
353569952357285889	ADE	76	86	sleepiness
353569952357285889	ADE	87	97	GI effects
353836819030360064	ADE	10	18	Crippled
353836819030360064	ADE	92	106	Tendon rupture
353854998825795586	ADE	89	97	crippled
354054424613756928	ADE	22	26	sick
354054424613756928	ADE	67	77	Withdrawal
354352726815162368	ADE	35	41	HUNGRY
354352726815162368	ADE	43	63	Prop my eyelids open
347950374063329280	ADE	76	93	connective tissue
347950374063329280	ADE	94	99	lungs
347950374063329280	ADE	104	111	thyroid
343406657717547008	ADE	78	84	drowsy
343406657717547008	ADE	110	114	high
343565430239158272	ADE	25	29	high
343565430239158272	ADE	46	67	feel like throwing up
332278485278134274	ADE	21	27	 burns
348800441192169474	ADE	41	67	weird &amp; bizarre dreams
350339021471354880	ADE	41	59	anaphylactic shock
350339021471354880	ADE	66	77	almost died
350706433580474368	ADE	15	42	nose feel like its bleeding
353176251315388416	ADE	81	85	weak
353832654724022273	ADE	69	77	crippled
332114604169773056	ADE	9	21	numb to feel
333427125795291136	ADE	63	73	withdrawal
334022366457917440	ADE	56	62	sleepy
340867974783193088	ADE	58	65	vertigo
342284689148624898	ADE	40	51	with drawls
342708050160934912	ADE	31	40	dizziness
343403231055073280	ADE	78	85	wdrawal
343482701816418304	ADE	13	17	mood
343496135475859457	ADE	107	116	migraines
343823180542124032	ADE	53	63	nightmares
344389958812983296	ADE	77	88	withdrawals
332322723286114304	ADE	10	19	withdrawl
333483772345466881	ADE	41	47	Vomits
345979692031025153	ADE	0	6	Crying
345979692031025153	ADE	69	79	withdrawls
348243864877940736	ADE	28	57	coming off effexor is NOT fun
348569983833477120	ADE	22	31	headaches
348569983833477120	ADE	33	44	no appetite
351610112521154561	ADE	17	49	coming off Effexor was the worst
352908792721195008	ADE	117	129	irritability
353629216518057984	ADE	101	108	rebound
345436985361571840	ADE	49	59	eyes worse
349248724083544064	ADE	87	93	weight
351086788032471041	ADE	60	63	nap
328087000341180416	ADE	42	62	zap me of all energy
328087000341180416	ADE	121	137	not feeling good
329024897097555968	ADE	20	30	see shapes
330960523195736064	ADE	60	88	feel like I can't even stand
332459161407324162	ADE	36	45	zombified
343659472046153728	ADE	100	112	paraesthesia
344708365726912512	ADE	20	31	14 hour nap
351772771174449152	ADE	13	34	Restless Leg Syndrome
347834624304640001	ADE	41	62	messed up my attitude
347834624304640001	ADE	122	126	mean
344010078380253184	ADE	49	54	tired
344118257269211136	ADE	60	67	fatigue
344118257269211136	ADE	81	85	pale
344118257269211136	ADE	90	109	lost tons of weight
346637330746073089	ADE	66	75	fuzziness
348889890047537152	ADE	84	89	flare
351487964435587074	ADE	42	46	PAIN
351842240701792256	ADE	35	65	like I'm having a heart attack
351842240701792256	ADE	69	81	panic attack
340987702876966913	ADE	21	32	almost died
342974071161643008	ADE	38	43	Tired
349659482483195905	ADE	34	47	wreck my head
352210793669996545	ADE	47	54	wt loss
328434766871412736	ADE	96	123	irritating my nerve endings
328616992858853377	ADE	43	48	yucky
333933432587554816	ADE	31	39	lethargy
341318438989471745	ADE	57	63	ataxia
341876837900746752	ADE	20	43	steven johnson syndrome
351294528705134592	ADE	49	58	addictive
351294528705134592	ADE	109	123	3 days of hell
352934996970967040	ADE	0	18	Allergic reaction 
348996085781512192	ADE	19	27	poisoned
348996085781512192	ADE	60	64	pain
349581089221787648	ADE	69	80	hallucinate
327171455014035456	ADE	32	46	stomach cramps
341416199181193216	ADE	38	42	numb
344544744153690114	ADE	18	22	cold
349200805745803264	ADE	112	121	addiction
332538601629966336	ADE	60	67	sweatin
341975457471791104	ADE	83	94	depression.
340180531025174528	ADE	15	23	addicted
340249316469907456	ADE	41	51	withdrawal
340261980675907585	ADE	77	86	addiction
340355984633507840	ADE	24	34	withdrawal
353040661651529728	ADE	70	79	nightmare
326925921254789120	ADE	80	84	pain
351072270749413377	ADE	33	51	sick to my stomach
327354645095784449	ADE	77	115	like wading through treacle getting up
328209427842879489	ADE	64	79	hunger inducing
329440408084037632	ADE	93	100	zombies
330433086598823937	ADE	46	59	knocks me out
331501881933312000	ADE	56	65	dry mouth
333195213197672448	ADE	50	61	gain weight
333195213197672448	ADE	72	77	binge
333195213197672448	ADE	131	141	joint pain
341150339455672320	ADE	108	119	weight gain
341257005232697344	ADE	36	50	olanzapine lbs
342059686394200064	ADE	103	116	gained 3stone
350677722617487361	ADE	34	45	gain 20 lbs
350677722617487361	ADE	83	87	acne
347150663286931456	ADE	10	18	headache
332430432459186176	ADE	52	62	withdrawls
332464487540076544	ADE	6	16	withdrawal
333118693934501889	ADE	22	39	impossible to cry
333659385014411264	ADE	64	68	slow
340739507114610688	ADE	110	119	tolerance
340739507114610688	ADE	126	139	come too fast
349211958056202244	ADE	20	32	PEE SO OFTEN
349341615682371586	ADE	79	93	feel like crap
350480290839408640	ADE	52	62	forgetting
352844700597764096	ADE	70	79	impotency
354293014753062912	ADE	74	84	withdrawal
340478422012813314	ADE	85	95	withdrawal
342854702708449280	ADE	83	105	don't feel fully human
347785064433729537	ADE	3	8	sleep
347785064433729537	ADE	60	71	gain weight
332156923002617859	ADE	10	21	no appetite
340260780266123264	ADE	13	18	hyper
340398510069411842	ADE	28	39	never sleep
340398510069411842	ADE	74	103	may NOT switch your brain off
340398510069411842	ADE	114	125	Exhaustion 
341698063951343616	ADE	61	65	sick
341698063951343616	ADE	70	84	twice as drunk
329167967537483777	ADE	23	29	energy
330014945175539713	ADE	42	47	tired
330014945175539713	ADE	49	55	sleepy
331161461122547712	ADE	75	85	bad dreams
332221195598565379	ADE	27	38	withdrawals
332223414595117056	ADE	0	15	Just about dead
333210857737695232	ADE	24	30	weight
340289842850197504	ADE	62	71	tiiiiired
340764967089356801	ADE	70	81	weight gain
342989392538923008	ADE	0	21	Sleeping my life away
343082560605274114	ADE	68	76	Numbness
343082560605274114	ADE	81	89	tingling
343858901227278336	ADE	129	135	drowsy
344084347239944192	ADE	17	22	dizzy
344939374917603328	ADE	73	81	sedating
346300414737657856	ADE	42	63	portions Prob too big
346645246832148480	ADE	75	91	heart arrhythmia
348379241827688448	ADE	28	32	haze
349077988215754752	ADE	25	31	zombie
350715772051533824	ADE	45	49	sick
351384490100260864	ADE	45	54	tiredness
354277272758398977	ADE	43	49	hungry
344970612671905793	ADE	32	40	Headache
344970612671905793	ADE	72	81	back pain
345004806542327809	ADE	32	41	Neck ache
345004806542327809	ADE	52	65	shoulder ache
345004806542327809	ADE	73	82	back pain
345982981653032960	ADE	103	112	back pain
346484694344413185	ADE	44	56	pain in neck
346484694344413185	ADE	58	62	hips
346484694344413185	ADE	67	71	legs
346616563677425665	ADE	127	132	aches
346731975903694850	ADE	32	37	Aches
332330587106992129	ADE	18	28	nightmares
332391358042083328	ADE	48	54	crabby
332391358042083328	ADE	113	132	sluggish and groggy
332975105347035136	ADE	87	92	dizzy
332975105347035136	ADE	97	111	lightheadeded 
333034145846538240	ADE	14	24	gain 18 kg
333121777909760000	ADE	56	76	get the horn my life
340250799298973696	ADE	43	53	withdrawal
340448382776651776	ADE	26	32	sleepy
340523944761249794	ADE	23	27	pain
340523944761249794	ADE	70	76	zombie
342119662651334656	ADE	60	75	sleeping 15 hrs
342154248097771521	ADE	68	91	crazy shit in my dreams
342305020999512064	ADE	19	24	tired
342305020999512064	ADE	38	46	nap time
342787990747230211	ADE	34	44	passes out
344467559199961089	ADE	91	100	Zombiness
344556124994936832	ADE	66	72	hungry
344960651141193728	ADE	78	93	sleep paralysis
346238446173577218	ADE	35	46	memory loss
346389146169905152	ADE	99	112	gained weight
346451865283751936	ADE	107	112	loopy
346719952394416128	ADE	14	23	dry-mouth
348258097044807680	ADE	100	116	sinuses close up
348946282955546624	ADE	103	114	weight gain
348946282955546624	ADE	133	137	pain
349605811506511873	ADE	73	96	screwing with my memory
349948514215800832	ADE	0	9	lucidity 
350215594777387009	ADE	59	65	zombie
350429791851261952	ADE	55	70	barely function
350666666436345856	ADE	27	38	zombie-ness
351168851347648513	ADE	11	14	RLS
351569985484767233	ADE	35	44	fucked up
329106631633809408	ADE	66	75	crazy ish
330385145972543488	ADE	38	43	angry
330385145972543488	ADE	59	64	awake
331572658909093890	ADE	31	55	taken control of my eyes
332240916406480896	ADE	103	115	crazy dreams
332748904128974848	ADE	36	44	priapism
333020420204797952	ADE	45	63	sleep for dayyssss
333773605496295424	ADE	53	64	weight gain
340173342889881601	ADE	46	64	sleep for 11 hours
340314017446912000	ADE	44	62	troubles waking up
340839013978087424	ADE	7	15	allergic
341716542213468160	ADE	120	125	dopey
341743389018050560	ADE	47	71	barely keep my eyes open
341954740059516928	ADE	126	135	migraines
346310712622194688	ADE	75	80	tired
348547192899923968	ADE	68	74	sleepy
349165462417977344	ADE	62	78	holes in my head
349736979090509824	ADE	26	50	dream all types of crazy
349754241298079744	ADE	15	20	hives
353733699600265217	ADE	31	42	passing out
354262122399674369	ADE	10	18	hangover
354262122399674369	ADE	23	31	dry eyes
341668123092598784	ADE	134	139	veins
342072317200973825	ADE	70	93	immune system went poof
328265863390183425	ADE	59	69	withdrawal
331163351818330114	ADE	58	73	disturbed sleep
331163351818330114	ADE	80	90	bad dreams
331860672071737344	ADE	23	34	itchy skin 
333211368578772993	ADE	7	25	siiiiiiiiiiiiiiick
342267623758782464	ADE	42	53	withdrawals
342267623758782464	ADE	94	123	electric shocks in your brain
342588614166859776	ADE	12	22	withdrawal
346583823254974466	ADE	60	78	messed up my sleep
347388933082066947	ADE	19	25	zombie
351439006812209153	ADE	75	81	nausea
349310462954967041	ADE	8	33	kidneys have been swollen
341824775158652928	ADE	14	22	no sleep
341922380823793665	ADE	28	37	jacked up
341929912845873152	ADE	37	49	stomach hurt
341951245457702912	ADE	62	74	heart attack
342013098854580227	ADE	7	16	irritable
342081994232066048	ADE	23	30	crazier
342108661340045312	ADE	54	66	not sleeping
342147988937920512	ADE	82	85	OCD
342158424001376257	ADE	44	53	stressful
342312023612346369	ADE	17	33	brain is melting
342359570603204608	ADE	39	47	headache
342359570603204608	ADE	49	54	anger
342382265134891009	ADE	31	40	can't eat
342536907055591424	ADE	28	66	sleeping schedule of a fucking vampire
342548486664896513	ADE	2	16	lost 17 pounds
342722273934966785	ADE	21	26	tweak
342722384723316737	ADE	21	29	Tweaking
342944016616259585	ADE	38	49	tweakin out
343001295990427648	ADE	23	57	grinds the shit out of their teeth
343068236906119168	ADE	24	42	rid of my appetite
343738008001998848	ADE	41	47	shakes
343826203888717825	ADE	23	26	hot
343835405096980480	ADE	69	86	heart was hurting
344177078142373888	ADE	58	70	TWERK ME OUT
344503156161515520	ADE	18	29	All nighter
344746260735086592	ADE	117	128	can't sleep
344897696080990208	ADE	59	65	addict
345124251742904320	ADE	2	15	haven't slept
345298918160089088	ADE	55	71	hating the world
340740174638092288	ADE	124	130	drowsy
350434208805695489	ADE	42	59	just eat, and eat
352782246165495808	ADE	25	38	sleep walking
332562785970049024	ADE	30	62	Central nervous system breakdown
332574327444746240	ADE	60	66	 tired
332574327444746240	ADE	67	73	sleepy
332574327444746240	ADE	74	77	fog
333787466597285888	ADE	69	75	gorked
342052382705844224	ADE	23	47	make me a bigger asshole
351027118215413761	ADE	45	56	can't sleep
352682252943097858	ADE	114	122	dry nose
352682252943097858	ADE	125	131	throat
333777166175186944	ADE	49	69	erectile dysfunction
333777894822248449	ADE	49	69	erectile dysfunction
341332687891611649	ADE	27	36	halitosis
332546823447248896	ADE	102	112	tendonitis
333278830980648960	ADE	59	66	disable
333278830980648960	ADE	127	135	crippled
334024264187523074	ADE	45	60	Felt like chemo
340451551766274049	ADE	23	30	vampire
341115149723250688	ADE	21	45	destroyed my entire body
341115149723250688	ADE	66	75	Bedridden
341530146165104641	ADE	25	44	killing""  my tummy
341688886319271936	ADE	86	99	septic c diff
342800591816384512	ADE	57	66	Can't run
345241637078847489	ADE	33	37	sick
346242584366161920	ADE	68	73	dizzy
346242584366161920	ADE	78	82	sick
346242584366161920	ADE	91	99	crippled
349202688950542336	ADE	98	106	CRIPPLED
349211366210539520	ADE	62	70	crippled
349785645192982528	ADE	33	49	nearly killed me
350275755235741696	ADE	10	18	allergic
351126697472569344	ADE	39	44	dying
352869424174342144	ADE	83	89	nausea
353912194167087107	ADE	51	59	headache
332480409654943744	ADE	26	35	addictive
332660233929367552	ADE	51	61	withdrawal
332946951085645824	ADE	67	140	might notice if I got hit in the crotch w/ a lance in a jousting accident
333014107940872193	ADE	54	64	discomfort
333424999757131776	ADE	21	40	Stress Incontinence
333424999757131776	ADE	64	95	like Niagara Falls when I cough
333600785923461120	ADE	100	111	no appetite
333708855701803010	ADE	68	84	could not orgasm
333938862600634370	ADE	132	143	withdrawals
333998630220476418	ADE	115	139	raised my blood pressure
340360304531734529	ADE	55	61	nausea
340360304531734529	ADE	63	72	dry mouth
340360304531734529	ADE	74	86	constipation
340360304531734529	ADE	88	96	diarrhea
340360304531734529	ADE	98	105	fatigue
340360304531734529	ADE	109	128	THOUGHTS OF SUICIDE
340686873942966273	ADE	37	46	miserable
340694457827618816	ADE	9	19	withdrawal
340811627488239616	ADE	57	62	tired
341215457975607296	ADE	41	51	exhausting
341351963583201282	ADE	75	87	slept 10 hrs
341683572463259649	ADE	47	69	heart started lurching
341704235118895104	ADE	1	26	Coming off cymbalta SUCKS
341953288285061121	ADE	30	55	Getting off of it is HELL
342117282585133056	ADE	78	84	sweats
342117282585133056	ADE	86	94	migraine
342117282585133056	ADE	96	103	tremors
342473302343831552	ADE	91	100	interacts
342560740818948096	ADE	18	25	thirsty
342560740818948096	ADE	48	70	mouth is painfully dry
342560740818948096	ADE	75	115	feels like the Sahara desert in my mouth
343374668801138688	ADE	21	29	hangover
343375837929807872	ADE	96	130	turn peaceful people into the hulk
343539966657327105	ADE	52	71	feel sooooooo weird
343836978212642817	ADE	53	58	tired
343836978212642817	ADE	63	70	anxious
344299543527051264	ADE	9	20	withdrawals
344299543527051264	ADE	42	58	Head is spinning
344299543527051264	ADE	60	78	Blood pressure low
344457086429708290	ADE	54	80	appetite is still terrible
344983576493817856	ADE	17	34	driving me insane
345391029731606529	ADE	49	59	withdrawal
332761628544229376	ADE	63	74	asleep 24/7
342775921243209728	ADE	78	82	rash
332853469503442944	ADE	34	47	jaw clenching
340474716039020545	ADE	36	47	withdrawals
340613526244704256	ADE	71	81	withdrawls
340613526244704256	ADE	89	98	miserable
340613526244704256	ADE	118	123	angry
340638766215622656	ADE	59	75	LOSS OF APPETITE
340977425435471874	ADE	15	22	shaking
341139910352326656	ADE	54	89	feels like when you come off heroin
341240191375245312	ADE	46	51	dizzy
341240191375245312	ADE	56	63	wrecked
341294461986430977	ADE	47	58	 withdrawal
341598226094383104	ADE	18	28	Brain Zaps
341752534295248897	ADE	127	138	lightheaded
342031084290203649	ADE	43	49	hungry
342031084290203649	ADE	51	56	dizzy
342031084290203649	ADE	62	71	lethargic
342031084290203649	ADE	100	111	weight gain
342304451605962752	ADE	8	18	withdrawal
342579514636902403	ADE	36	47	Sleep cycle
342579514636902403	ADE	52	59	quality
342616686375100416	ADE	1	19	Stomach discomfort
342616686375100416	ADE	21	28	flushed
342616686375100416	ADE	30	38	sweating
342616686375100416	ADE	46	49	jaw
343471954109550592	ADE	29	44	kills my libido
344905888026460161	ADE	22	34	boner killer
346349207214510080	ADE	53	63	Brain zaps
346655051051327488	ADE	77	97	descent into madness
346773119140233217	ADE	0	8	Headache
346773119140233217	ADE	15	27	stomach ache
347620121323372545	ADE	61	76	stopped working
347958800189362177	ADE	14	40	feeling like a train wreck
347958800189362177	ADE	42	50	tweaking
348146788143861760	ADE	95	109	ability to cum
348376394746695680	ADE	28	44	sucidal thoughts
348376394746695680	ADE	47	55	insomnia
348376394746695680	ADE	58	70	feeling high
348376394746695680	ADE	77	90	unresponsible
348376394746695680	ADE	93	102	Dry mouth
348478051098718208	ADE	67	83	gained 80 pounds
348547723034771457	ADE	12	18	dreams
348569764618186753	ADE	42	72	not making me feel so awesome.
348986300742909952	ADE	24	34	withdrawal
349178019979603970	ADE	6	30	discontinuation syndrome
349468372590792704	ADE	8	14	dreams
350167409312800768	ADE	21	30	withdrawl
350167409312800768	ADE	117	130	memory damage
350471561234485248	ADE	20	61	falling into a realm of utter disillusion
351164048915693569	ADE	131	135	sick
351490248078929920	ADE	62	96	feel like you're on your death bed
351543533779419138	ADE	51	60	depressed
351543533779419138	ADE	70	78	suicidal
351577305480564737	ADE	16	27	withdrawals
351577305480564737	ADE	57	78	don't have the energy
358371997434134529	ADE	20	34	Dilated pupils
358371997434134529	ADE	39	52	blurry vision
358371997434134529	ADE	57	63	nausea
358371997434134529	ADE	68	77	headaches
347462639066157057	ADE	121	130	bloodbath
344965474938920960	ADE	127	140	stop breathin
345549620342034434	ADE	24	28	rash
348900699217739776	ADE	18	36	allergic reaction 
352138946559479808	ADE	28	32	acne
354321976845807617	ADE	11	26	stopped working
326398829849092097	ADE	32	43	gain weight
327573331354210304	ADE	52	67	awake all night
327573331354210304	ADE	72	83	feeling ill
328054168260595713	ADE	57	62	drunk
328108880250957825	ADE	42	68	feeling like absolute shit
328597011970551808	ADE	68	74	shakes
329211485068881920	ADE	129	141	space me out
329643623660519424	ADE	87	93	tiered
329969145821163520	ADE	73	78	shaky
329969145821163520	ADE	83	88	tired
329969145821163520	ADE	112	122	withdrawal
330410314317316097	ADE	89	114	plot to steal my thoughts
331004479497465857	ADE	114	124	bad dreams
331084316740304898	ADE	103	108	vomit
331084316740304898	ADE	119	131	lost 4 stone
331981886991785984	ADE	27	34	BURPING
332983321187471361	ADE	37	51	knocked me out
333444462229479424	ADE	73	78	dizzy
333444462229479424	ADE	83	88	tired
333744558200475648	ADE	23	31	sweating
333893811094835200	ADE	72	85	panic attacks
334005655155380224	ADE	55	69	lose my temper
340454413229490176	ADE	91	108	suicidal thoughts
340454413229490176	ADE	113	135	stops you from jizzing
341025218204147712	ADE	70	78	suicidal
342043859523600384	ADE	0	22	Restless Leg Syndrome 
342594933162647553	ADE	127	134	fatigue
343656563547967488	ADE	92	102	withdrawal
346043889146294274	ADE	114	124	joint pain
347999490206216192	ADE	25	30	dream
348412032049106944	ADE	59	67	reaction
348414004630274048	ADE	47	61	feel like shit
348555717113942016	ADE	30	46	Killed my libido
349612359658110976	ADE	65	73	reaction
350030395225542656	ADE	27	42	want to be sick
350041405743316992	ADE	43	67	dead from the waist down
350332912530505728	ADE	29	38	headaches
350332912530505728	ADE	52	56	yawn
353540795590123525	ADE	13	19	sweaty
353540795590123525	ADE	31	37	addict
332308454372950016	ADE	110	114	hurt
334024708200751104	ADE	34	76	Potato Drug bcuz that's what I looked like
347305520585121793	ADE	13	19	puking
347305520585121793	ADE	29	37	headache
347305520585121793	ADE	46	59	throat is raw
349141333614661632	ADE	45	51	sleepy
341636700323344384	ADE	107	115	reaction
341704795096219648	ADE	24	29	tired
341767317392326659	ADE	53	68	stopped working
341808582465032192	ADE	14	32	lost effectiveness
341809071080497152	ADE	78	85	beat up
342106074838597633	ADE	4	25	loosing so much blood
342481261618667521	ADE	95	103	hairloss
342794515108741121	ADE	11	18	painful
344469944613875712	ADE	55	60	bloat
344868452034560000	ADE	41	65	urinary track infections
344936446702022658	ADE	57	62	tired
344994590815817728	ADE	103	110	hurting
345655759767482369	ADE	41	47	nuasea
345655759767482369	ADE	52	66	low grade temp
347423789698654209	ADE	90	96	BURNED
348895818603958272	ADE	36	47	after-sting
349084992611164160	ADE	112	129	knocking me about
349190810044096512	ADE	6	16	pooped out
349252454535274498	ADE	75	89	felt like acid
349252454535274498	ADE	125	136	lupus flare
349418881426788352	ADE	84	94	joint pain
349533528146460672	ADE	104	112	hairloss
349561304526241794	ADE	33	40	painful
349715812195643393	ADE	98	103	hurts
349723227444101121	ADE	71	75	pain
350042686507581440	ADE	51	83	doesn't even work for me anymore
350042686507581440	ADE	110	114	sick
350891051063574529	ADE	63	67	pain
351395533933395968	ADE	67	75	wear-off
351400933302878208	ADE	7	12	sting
351490204550447105	ADE	15	28	BURN MY VEINS
351492291271213056	ADE	3	7	pain
351523364428451840	ADE	39	56	respiratory probs
351523524277579776	ADE	62	78	chest infections
352038390339878913	ADE	113	118	lung 
326746923396632576	ADE	132	138	raging
341657848503226369	ADE	56	63	anxious
341657848503226369	ADE	68	77	insomniac
341773755195990016	ADE	65	73	allergic
341773755195990016	ADE	114	117	SJS
341962640240828417	ADE	11	14	ADD
341962640240828417	ADE	39	45	memory
341962640240828417	ADE	46	63	attention-killing
342614476702494722	ADE	77	81	rash
343647552094224384	ADE	4	16	restlessness
343647552094224384	ADE	21	29	insomnia
344103487942057987	ADE	65	69	rash
345455189119102976	ADE	45	49	flat
345607014812110848	ADE	95	112	allergic reaction
346575368041410561	ADE	106	120	gaining weight
347388396655755264	ADE	9	12	nap
347542434500206592	ADE	36	47	skin issues
348622833217318912	ADE	9	19	withdrawal
348622833217318912	ADE	29	37	STARVING
352144946549108737	ADE	28	34	sleepy
327148912026734592	ADE	76	93	fewer hours sleep
328219079762653184	ADE	117	128	won't sleep
328529078753845248	ADE	34	43	Exhausted
328529078753845248	ADE	48	54	grumpy
328896519174504449	ADE	38	47	headaches
329515653251883008	ADE	76	81	tummy
329515653251883008	ADE	83	92	tiredness
329515653251883008	ADE	102	114	disconnected
329669841520836608	ADE	63	73	joint pain
331383865438519297	ADE	31	46	hyper-sensitive
333185474300620800	ADE	7	28	dreadful nights sleep
333185474300620800	ADE	30	40	joint pain
333194880765546496	ADE	43	47	pain
333194880765546496	ADE	78	88	poor sleep
333199163514843137	ADE	60	64	pain
340903633312960512	ADE	93	97	cry 
341317871877648385	ADE	13	22	headaches
345036111376183296	ADE	18	38	staying up all night
345549207278592001	ADE	114	139	tipped me to a dark place
349182910127038464	ADE	94	98	rash
352936340440092673	ADE	0	17	Allergic reaction
352936422690394113	ADE	0	17	Allergic reaction
352936510225522688	ADE	0	17	Allergic reaction
352936664089387008	ADE	0	17	Allergic reaction
352936746062856192	ADE	0	17	Allergic reaction
354265959877443586	ADE	50	63	night terrors
354290144402092033	ADE	86	90	sick
333007591879884802	ADE	32	53	vasovagal pre-syncope
333007591879884802	ADE	68	76	toxicity
333007591879884802	ADE	78	92	Hard to digest
343614935055613952	ADE	45	62	pain in my joints
348457714147553280	ADE	16	36	cannot be in the sun
351082980330045440	ADE	25	34	headaches
351082980330045440	ADE	36	44	Vomiting
351082980330045440	ADE	46	54	Diarrhea
331500382746472448	ADE	48	54	nausea
343545703097839616	ADE	19	38	CANT FEEL MY THROAT
345922687161491456	ADE	28	35	sweatin
347309156950228993	ADE	85	103	CANT FEEL MY MOUTH
349168277181853696	ADE	93	102	addiction
349252013076393985	ADE	112	121	addiction
349564105188851712	ADE	112	121	addiction
341353517811900416	ADE	12	20	allergic
341353517811900416	ADE	40	45	Rash 
341353517811900416	ADE	57	75	Needing my inhaler
348910622882271233	ADE	49	61	crazy dreams
353523202628124672	ADE	64	74	chest pain
339668449242542080	ADE	9	17	headache
339786137767919618	ADE	72	81	addiction
339788673040121857	ADE	80	94	stuffy sinuses
339788673040121857	ADE	108	117	addiction
339846013877624832	ADE	17	60	DRIVING MY FUCKING MIND UP THE FUCKING WALL
340112238746685441	ADE	38	46	addicted
340212184988659712	ADE	66	75	addiction
340217407362715649	ADE	93	109	rip out my teeth
340253546513584128	ADE	23	33	withdrawal
340260393526104064	ADE	34	42	withdraw
340273617654923265	ADE	9	20	withdrawals
340275567662333953	ADE	33	38	cough
340287660444749825	ADE	71	79	addicted
340291748402192384	ADE	27	38	 withdrawls
340294493112782848	ADE	29	37	CRAVINGS
340300895780757504	ADE	9	19	withdrawal
340307896074133504	ADE	11	19	addicted
340313583827156992	ADE	21	37	going to my head
340329390070173696	ADE	0	8	addicted
340331870745149440	ADE	9	20	withdrawals
340331870745149440	ADE	46	54	headache
340331870745149440	ADE	56	65	irritable
340345154877673473	ADE	94	105	 withdrawal
340345183008870400	ADE	28	55	moods are void of stability
340359703513157632	ADE	19	27	migraine
340359703513157632	ADE	109	120	withdrawals
340366862602862593	ADE	29	34	sleep
353061725102280705	ADE	45	54	addiction
328202474655723522	ADE	24	32	sweating
330757789905457154	ADE	37	45	allergic
343388798903795712	ADE	9	19	depression
327323676317974528	ADE	36	47	weight gain
327789313175719936	ADE	91	97	weight
327790926812561409	ADE	64	82	put much weight on
328217835249741825	ADE	86	94	restless
328464211007111171	ADE	42	54	oversleeping
328464211007111171	ADE	59	69	overeating
330016889487110145	ADE	102	105	fat
330406681496395777	ADE	52	60	munchies
330742256787156993	ADE	46	54	munchies
330755655256379393	ADE	90	96	nausea
330755655256379393	ADE	101	110	akathisia
331437863528972288	ADE	68	76	munchies
331437863528972288	ADE	98	140	not being able to fit into summer wardrobe
332450567819497472	ADE	40	53	put on weight
333197031659167746	ADE	25	36	weight gain
340367344461287424	ADE	117	125	sluggish
340773072036560897	ADE	0	36	going off of olanzapine is no picnic
341140203810992128	ADE	97	122	weight still keeps coming
341254984349908994	ADE	105	122	look like a whale
341262613616943104	ADE	83	97	olanzapine lbs
342200100585615364	ADE	74	101	interfering with my visions
342200100585615364	ADE	119	130	memory loss
342222086913261568	ADE	41	47	drowsy
342222086913261568	ADE	49	60	weight gain
344099735004643330	ADE	62	72	weightgain
344551845043245056	ADE	71	76	sloth
344551845043245056	ADE	77	88	weight gain
345624026254823424	ADE	48	60	slept aw day
345624026254823424	ADE	75	85	torn faced
345624026254823424	ADE	116	128	Swollen feet
345784351839121408	ADE	43	56	gained weight
351125191423832067	ADE	99	124	symptoms of schizophrenia
351455090193858560	ADE	33	40	crazier
352181796122800132	ADE	45	56	raging bm's
352181796122800132	ADE	58	69	mood swings
352181796122800132	ADE	74	85	weight gain
352903991157456896	ADE	30	43	restless legs
327741473003028480	ADE	117	131	pinsandneedles
328287774262321153	ADE	21	32	withdrawals
329316938452971520	ADE	110	114	fat.
333675186622701570	ADE	74	85	weight gain
340328381679812608	ADE	56	69	coming off it
347485185048182784	ADE	115	122	plateau
352543113685901315	ADE	74	88	behaving oddly
332070396104953857	ADE	79	87	INSOMNIA
332738112079937536	ADE	28	57	you are so Horny and I am NOT
332988218192588800	ADE	78	99	hide in the apartment
333790777761218560	ADE	26	34	allergic
333790777761218560	ADE	65	69	puke
340420826677522432	ADE	69	94	sleeping 12 hours a night
340420826677522432	ADE	101	125	falling asleep every day
340446614231588864	ADE	59	70	weight gain
342057223196930048	ADE	14	49	gained a good seven or eight pounds
342452668922462208	ADE	90	94	sick
343745558382522369	ADE	115	122	vertigo
345334049679753216	ADE	68	86	gained over 20 lbs
345964683720814592	ADE	7	17	nightmares
346476151549612032	ADE	76	85	depressed
347410750572228608	ADE	68	75	wrecked
347883700345782272	ADE	48	57	addictive
348552848730116096	ADE	48	58	terrifying
349208893144043523	ADE	89	100	no feelings
349385477150879746	ADE	83	87	sick
349428920552136704	ADE	73	83	withdrawal
349607304951373826	ADE	26	35	withdrawl
349644702485716992	ADE	63	72	emotional
349708387447083009	ADE	22	38	working any more
349892793587613697	ADE	77	97	gain unwanted pounds
349892793587613697	ADE	102	114	water weight
350167875132194816	ADE	106	116	withdrawn 
351474792215494656	ADE	31	37	orgasm
351476009989705728	ADE	12	21	ejaculate
351683349422673920	ADE	104	113	depressed
352327453202595840	ADE	14	30	NOT LET ME SLEEP
352807680508837889	ADE	83	100	psychotic episode
352846236526706689	ADE	88	97	impotency
352848888790654976	ADE	88	97	impotency
353503396331921409	ADE	76	98	value your brain cells
354092257533632512	ADE	41	58	impossible to cry
354458322214191104	ADE	33	44	withdrawals
354458322214191104	ADE	65	85	loss of circulation 
358353085535494144	ADE	80	94	face break out
358354458083729408	ADE	11	19	allergic
358354458083729408	ADE	79	93	face break out
332972801034182656	ADE	79	86	numbing
342113162528690178	ADE	104	117	random crying
343602709519273985	ADE	62	71	brain zap
343602709519273985	ADE	74	80	twitch
348698825512321024	ADE	24	35	withdrawals
351619134334832641	ADE	16	26	withdrawal
351619134334832641	ADE	39	60	eyeballs make a sound
351679516072087552	ADE	47	58	withdrawals
332142355593437184	ADE	116	122	zombie
340300906463649793	ADE	17	29	no legit sex
340448348303663104	ADE	39	44	dream
340512383955001345	ADE	63	72	tolerance
340529630492639232	ADE	33	38	antsy
341358849598562304	ADE	24	38	destroy myself
341690963808370690	ADE	65	71	zombie
341813665302990848	ADE	60	70	withdrawal
341835868912353280	ADE	40	43	nap
341964046477688832	ADE	44	50	scared
341964046477688832	ADE	90	112	need to save the world
342024276129492992	ADE	132	143	dries mouth
326665428493557760	ADE	39	52	added 1 stone
326784616725880832	ADE	2	5	ate
326817604373200896	ADE	31	52	horrid imposing dream
326972731151228928	ADE	36	42	drowsy
327147666570108928	ADE	47	62	sleep paralysis
328962220069371905	ADE	47	53	hunger
328962220069371905	ADE	58	66	cravings
329560003147087873	ADE	93	99	drowsy
331338155691229184	ADE	18	31	feeling weird
331479118598246403	ADE	61	73	not sleeping
331842963699286016	ADE	77	85	hungrier
332225282062823424	ADE	15	21	eating
341327231508967424	ADE	27	34	fatness
341327231508967424	ADE	83	97	weight-gaining
342210117292392448	ADE	19	34	sleep right now
342217867749621762	ADE	54	60	drowsy
342232503395962880	ADE	99	108	nightmare
342662725165543426	ADE	38	56	need to sleep 24/7
342725404320210944	ADE	40	48	headache
344911702590099456	ADE	29	34	weird
345318152424546304	ADE	1	13	restlesslegs
345725882620579841	ADE	109	118	hangovers
346418587210244097	ADE	59	71	hallucinate 
346677268946501632	ADE	25	36	gain weight
347124997317345280	ADE	67	81	lucid dreaming
347124997317345280	ADE	86	101	sleep paralysis
347260952837754880	ADE	92	98	zombie
349659449692139520	ADE	54	60	hungry
350606045862830080	ADE	81	89	Sweating
351400394146070529	ADE	45	84	not dangerous but it is damn unpleasant
351410557112434688	ADE	58	80	able to sleep at night
351605957421309952	ADE	17	27	fast pulse
351834238540185600	ADE	127	138	withdrawals
352544481175801856	ADE	25	45	knocked me sidewards
352905914640109568	ADE	79	93	slept horribly
353102470534279169	ADE	54	63	zombified
353158902520619010	ADE	104	112	drooling
353477521070751744	ADE	103	117	get out of bed
353492546833498112	ADE	53	58	taste
353493347912003584	ADE	94	123	eating incredibly differently
353643138826510336	ADE	103	117	sleep 12 hours
353979581033750530	ADE	124	129	burnt
354004406896828416	ADE	28	46	increased appetite
354004406896828416	ADE	51	59	cravings
354178409426993153	ADE	37	43	zombie
354310048798867456	ADE	78	89	not stay up
354334544473751552	ADE	34	43	prolactin
354334544473751552	ADE	62	77	boobs humungous
354342711177912322	ADE	55	71	prolactin levels
354342711177912322	ADE	83	98	boobs humungous
343826721545527298	ADE	54	63	back ache
344501930900484097	ADE	39	48	back pain
344501930900484097	ADE	119	123	weak
344501930900484097	ADE	128	140	aching knees
345414952993034241	ADE	24	28	neck
345414952993034241	ADE	33	44	should ache
345414952993034241	ADE	52	61	back pain
345414952993034241	ADE	66	75	knee ache
345720878023196672	ADE	32	41	Neck ache
345720878023196672	ADE	52	61	back pain
345958089830301696	ADE	28	38	not hungry
346343460770557953	ADE	40	44	back
346343460770557953	ADE	49	58	knee pain
346343460770557953	ADE	110	125	walking painful
346732358474547200	ADE	75	79	ache
347165168804966400	ADE	45	58	pains in head
347165168804966400	ADE	60	64	neck
347165168804966400	ADE	66	70	back
347165168804966400	ADE	72	75	hip
347165168804966400	ADE	80	84	legs
347521087304785920	ADE	37	46	neck pain
347521087304785920	ADE	51	66	legs still weak
348262745730338817	ADE	82	86	pain
348262745730338817	ADE	92	107	fluid retention
348296500692017152	ADE	29	35	oedema
348296500692017152	ADE	44	65	musculo-skeletal pain
349629182269067268	ADE	132	138	aching
348083103367041025	ADE	105	119	lost 10 pounds
332397858290540544	ADE	0	14	Slept 11 hours
332524625093328900	ADE	42	53	Slow Turtle
332830369000853504	ADE	71	83	panic attack
332882069376086016	ADE	89	94	tired
333081207036342272	ADE	35	48	gotta wake up
333102549362176001	ADE	21	27	sleepy
333121972554825729	ADE	44	60	boner kryptonite
333161437751042048	ADE	102	114	dissociation
333249805876883456	ADE	62	83	stacked on the weight
333467863526563840	ADE	33	41	munchies
333799489687154688	ADE	62	70	sedated 
333799489687154688	ADE	85	96	unconscious
333961225606144000	ADE	34	40	dreams
340520477078458368	ADE	32	41	lethargic
340574014571417602	ADE	85	89	mute
340737923777445890	ADE	62	82	don't want to get up
341063755989409792	ADE	29	41	weird dreams
341176359953002497	ADE	78	89	don't sleep
341176359953002497	ADE	113	124	cant get up
341919706502029313	ADE	71	93	knock me the fuck out 
341958012736507904	ADE	40	52	restlessness
341958012736507904	ADE	71	78	jitters
341989840398716928	ADE	50	59	17h sleep
341996255213400064	ADE	81	101	tolerance to the sun
342050583336857600	ADE	113	119	zombie
342084395622084608	ADE	38	52	knocked me out
342128993094496257	ADE	21	27	sleepy
342197181085782016	ADE	3	10	tremors
342228877445316609	ADE	67	74	jolting
342228877445316609	ADE	78	85	rocking
342305559216807936	ADE	23	41	sleep for 12 hours
342378452453826563	ADE	8	14	sleepy
342637586717765633	ADE	47	63	fucked up dreams
342984510918500352	ADE	97	106	psychosis
343238435450015744	ADE	97	110	feel so drink
343238435450015744	ADE	113	129	cant really walk
343238435450015744	ADE	139	148	nauseated
343283285671170048	ADE	16	34	sleep for 15 hours
343923205213392896	ADE	10	13	RLS
343923205213392896	ADE	103	124	restless leg syndrome
344231834302939136	ADE	20	26	hungry
344231834302939136	ADE	44	50	hunger
345025450898231296	ADE	40	44	coma
345093691305779200	ADE	39	46	floatin
345286735330177024	ADE	47	52	sleep
345410371047260163	ADE	25	39	gaps in memory
345505230403825664	ADE	56	71	manic reactions
345505230403825664	ADE	81	86	angry
345505230403825664	ADE	119	125	 tired
345547397381890049	ADE	60	71	convulsions
345547397381890049	ADE	73	78	fever
345547397381890049	ADE	80	95	toxic reactions
345547397381890049	ADE	97	116	psychotic reactions
345578027834556416	ADE	76	81	loopy
345579805963587589	ADE	120	129	gained 50
346348329573179393	ADE	85	106	knocks you outttttttt
347199186548166656	ADE	44	54	crazy town
347488934407852032	ADE	112	123	overheating
347561124721479681	ADE	24	35	eat so much
347615048014905345	ADE	27	55	only let me sleep four hours
347634811202048000	ADE	99	104	mania
347733883208486912	ADE	74	91	knocked on my ass
347901459817455617	ADE	42	51	addictive
348896272700293121	ADE	72	77	sleep
348896272700293121	ADE	116	124	hangover
348999263306522624	ADE	130	139	eat A LOT
349177961511002113	ADE	83	96	diabetes risk
349184717410684928	ADE	60	63	ill
349200053262508033	ADE	39	62	 sleeping 18 hrs a day 
349373682134695939	ADE	36	45	addictive
349674261251764224	ADE	95	103	retarded
349684697766440960	ADE	17	33	need to be awake
349931566463590404	ADE	98	129	hardly open or close your mouth
350136494134009856	ADE	33	39	hungry
350636755659141121	ADE	73	84	weight gain
350666076348104704	ADE	59	68	zombified
350779886958424065	ADE	33	48	feel like death
350855673002729472	ADE	103	113	hotflashes
351133278692057088	ADE	74	77	RLS
351163750826524672	ADE	84	92	hit hard
351610554005209089	ADE	60	67	tremors
351610554005209089	ADE	72	83	weight gain
351610554005209089	ADE	85	93	Diabetes
351635820056289281	ADE	85	93	 tremors
351635820056289281	ADE	98	109	weight gain
329254232714792961	ADE	87	107	difficult to wake up
329345839392751616	ADE	62	66	flat
329736817622536192	ADE	90	94	drip
330317678180966401	ADE	0	105	last night I was a mermaid and then a wizard who had to save the world while being hunted by the japanese
332241130353745920	ADE	103	115	crazy dreams
332273658179493889	ADE	30	39	dry mouth
332473148018663424	ADE	22	47	Slept through every alarm
333034270115377153	ADE	11	20	hangovers
333684960886157312	ADE	47	74	sleeping 9 hours in the day
340503446417469441	ADE	22	32	withdrawal
340503446417469441	ADE	42	51	confusion
340503446417469441	ADE	53	66	deliriousness
340503446417469441	ADE	68	80	nauesousness
340503446417469441	ADE	85	93	insomnia
340503446417469441	ADE	95	105	withdrawal
340690595683106816	ADE	59	82	sleep for like 12 hours
340944956237692928	ADE	38	46	headache
340944956237692928	ADE	55	63	headache
340944956237692928	ADE	91	101	withdrawls
341763429310267392	ADE	72	80	hungover
341779643747143681	ADE	79	85	groggy
341779643747143681	ADE	107	116	wont wake
341985679204560898	ADE	25	39	horrible sleep
342474245466636290	ADE	13	20	yawning
344826281612935168	ADE	6	11	dream
350418647476469760	ADE	70	83	vision blurry
351727727977570304	ADE	20	36	just now wake up
353718423064297473	ADE	115	119	bone
353821392384438272	ADE	3	12	tolerance
332848240263327744	ADE	80	92	resisting it
340692300143419392	ADE	45	50	tired
340692300143419392	ADE	55	64	out of it
342449187138449409	ADE	70	84	brain disorder
343860814521962496	ADE	26	35	knee pain
344384631027675136	ADE	7	20	put on weight
350722228662435841	ADE	28	33	itchy
350722228662435841	ADE	41	53	neck was red
351393013202817024	ADE	13	19	energy
351399936551690240	ADE	17	22	tired
353580369704017920	ADE	8	15	bruises
326732768149135360	ADE	16	27	limbs ached
326732768149135360	ADE	38	47	shivering
326732768149135360	ADE	121	131	withdrawal
328158014865559552	ADE	47	57	nightmares
328158014865559552	ADE	61	86	coming of it was horrific
329161381788127233	ADE	33	48	Disturbed sleep
329517384106913792	ADE	50	70	screwing up my sleep
329729190993747968	ADE	102	117	acid like trips
329978561559678977	ADE	23	29	nausea
329978561559678977	ADE	31	39	headache
329978561559678977	ADE	41	47	sweats
329978561559678977	ADE	49	61	flu symptoms
329978561559678977	ADE	68	76	diarrhea
329978561559678977	ADE	133	143	withdrawal
331071076161437696	ADE	65	79	15 hours sleep
331087510249828353	ADE	65	77	walking dead
331755953420656640	ADE	68	89	messing with my sleep
332115528632127489	ADE	90	107	wrecking my sleep
332545540216729601	ADE	30	43	mixed episode
333878722874707968	ADE	12	20	hangover
333960519964819458	ADE	58	61	cry
333960519964819458	ADE	66	78	throw chairs
336971197185146882	ADE	98	115	feeling like shit
341324494620733440	ADE	67	103	sprayed hairspray all over my tongue
342248119687331841	ADE	78	117	brain feels like its actually vibrating
342341320465076225	ADE	61	73	Paraesthesia
343051602833330176	ADE	47	55	withdraw
343362848266797057	ADE	86	95	depressed
343362848266797057	ADE	108	119	overreacted
347814900548132865	ADE	102	107	tired
349507022057766912	ADE	102	113	withdrawals
351111188026896384	ADE	40	50	withdrawal
351395434624856064	ADE	101	107	drowsy
351411363366703104	ADE	56	64	sedative
352526763387133953	ADE	31	41	withdrawal
353061971907723266	ADE	54	64	withdrawal
353174986690805760	ADE	81	133	sucked going from 100mg Desvenlafaxine / day to zero
342119329690681344	ADE	64	72	NAUSEOUS
343354898609471488	ADE	35	47	vision shake
345579566951198722	ADE	12	20	nauseous
346407033261666304	ADE	66	77	withdrawals
330045611476938753	ADE	32	41	palpitate
341606023297134592	ADE	3	16	breath smells
341638796292550657	ADE	94	110	digestive system
341656590757277696	ADE	33	47	drive me crazy
341695280397291520	ADE	46	54	headache
341740363968548865	ADE	45	57	feelin weird
341767085216645120	ADE	9	23	could be tired
341767085216645120	ADE	67	81	never sleeping
341771192279105538	ADE	26	49	remembered what food is
341784793559752704	ADE	0	38	Ready for bed but vyvanse is saying no
341784793559752704	ADE	40	57	forciblynocturnal
341819046519517186	ADE	21	43	not going to go to bed
341890864739663872	ADE	70	87	stay up all night
341890864739663872	ADE	88	117	feeling like you have to poop
341917271851151360	ADE	18	21	mad
341941862883545089	ADE	24	42	didn't eat a thing
341954130228674560	ADE	23	32	sleepless
341954130228674560	ADE	53	58	awake
341991007174414336	ADE	18	21	OCD
341991007174414336	ADE	75	80	wired
342013591882457089	ADE	59	70	mood swings
342015253569216514	ADE	14	17	eat
342026873712308224	ADE	88	100	spazzing out
342051382880247808	ADE	58	76	heart will explode
342066984902610946	ADE	10	21	haven't ate
342088936824393728	ADE	0	28	can't even enjoy this banana
342113962495721472	ADE	16	29	keeping me up
342132195806310400	ADE	30	41	no sleeping
342148556968300544	ADE	86	89	OCD
342157040875106304	ADE	45	61	want to sleeeeep
342160820739915776	ADE	64	71	not eat
342161058653405184	ADE	41	89	food just looks/sounds/tastes fucking disgusting
342161425730510848	ADE	52	59	nosleep
342170584928624640	ADE	54	63	stressful
342294447725375488	ADE	41	60	fuck with your head
342318826886676480	ADE	19	36	fucks up my sleep
342326445126844418	ADE	39	46	sweatin
342360890932350976	ADE	31	41	sleep less
342452289723850753	ADE	34	48	grind my teeth
342501416755163137	ADE	47	56	cantsleep
342518568350543872	ADE	23	31	addicted
342523133313560576	ADE	42	61	makes me an asshole
342616665252589568	ADE	90	100	wide awake
342643910436335617	ADE	53	72	continuous shitting
342646731856572416	ADE	56	64	negative
342649393196978177	ADE	9	22	back to sleep
342681916622909442	ADE	59	72	heart stopped
342744900044980225	ADE	53	64	dehydration
342891051788402688	ADE	102	111	wideawake
342892952022048768	ADE	18	48	doesn't care about my bed time
342900290787373056	ADE	51	60	not slept
343255424683892736	ADE	47	55	insomnia
343255424683892736	ADE	79	87	insomnia
343266557956333568	ADE	21	33	Not sleeping
343355160136933377	ADE	84	88	rage
343447619823095808	ADE	79	119	stop spending all of your income in food
343499670053584896	ADE	44	54	over think
343499670053584896	ADE	82	87	angry
343743356163207169	ADE	30	58	feel like I need to throw up
343771158736404481	ADE	78	93	cooked my brain
343843096389353472	ADE	61	67	shakes
343924083425161216	ADE	32	41	dry mouth
343924083425161216	ADE	73	79	saliva
343991140971868161	ADE	33	38	sleep
344050856792043520	ADE	7	20	need to sleep
344106817900646401	ADE	0	8	No taste
344108262645460992	ADE	28	37	don't eat
344204109789933568	ADE	27	30	OCD
344205804322304001	ADE	45	48	OCD
344253193317912576	ADE	17	31	think too much
344256177779122176	ADE	31	45	think too much
344260506229547008	ADE	31	46	think too much 
344453727299702785	ADE	0	11	All nighter
344470680961679362	ADE	17	25	tolerant
344583271889379328	ADE	52	63	hating food
344594372345622528	ADE	3	13	mind races
344600649050243073	ADE	20	29	depressed
344616533332467713	ADE	45	48	OCD
344757173085151232	ADE	20	28	no sleep
344764641404145664	ADE	48	61	can't sleeeep
344811607156723713	ADE	62	73	teamnosleep
344827002508939264	ADE	27	47	talk a mile a minute
344872069089075200	ADE	60	65	sleep
344896209737105409	ADE	42	48	addict
344898461449199618	ADE	72	94	can't go back to sleep
345018750845734913	ADE	41	48	nosleep
345052662800191489	ADE	48	55	nosleep
345227897633648640	ADE	10	24	plan on eating
345293061229772800	ADE	36	41	dizzy
345293061229772800	ADE	56	66	chest hurt
352596786940100609	ADE	37	61	got ten minutes of sleep
358350698636775424	ADE	20	28	sweating
344446908271570944	ADE	95	104	Nosebleed
346097617819799552	ADE	48	54	orgasm
333697653349179393	ADE	91	116	never have another orgasm
342344675572727811	ADE	65	69	coma
348383854089871360	ADE	72	91	gain so much weight
349181683293102080	ADE	99	117	increase my weight
