332317478170546176	ADE	28	37	allergies	10013661
347806215776116737	ADE	31	46	HURT YOUR Liver	10024668
350336129817509888	ADE	48	50	AD	10003731
350336129817509888	ADE	88	93	focus	10003738
332540699692130304	ADE	11	15	died	10011906
332542581760204800	ADE	40	44	died	10011906
343944308828811264	ADE	66	79	tendon damage	10043242
348644040444637184	ADE	26	32	dreams	10004969
352217412046823425	ADE	84	98	tendon rupture	10043248
332457841749286913	ADE	101	111	withdrawal	10048010
341552558369800192	ADE	13	27	emotional mess	10049119
341555493409542144	ADE	17	29	not remember	10027176
341555493409542144	ADE	84	96	memory lapse	10027174
341689297503662080	ADE	5	8	nap	10041349
341767297649766400	ADE	71	82	psychedelic	10070679
354228220431843328	ADE	94	100	mashed	10070679
332556333704413184	ADE	66	77	space cadet	10041374
341311579536650240	ADE	38	51	illness worse	10021345
341311579536650240	ADE	72	81	can't eat	10003030
353079130692124672	ADE	30	38	allergic	10013661
336988171973824512	ADE	127	138	withdrawals	10048010
340627449496887296	ADE	41	47	hungry	10016336
344346660530434048	ADE	104	114	joint pain	10023222
344942366387494912	ADE	61	68	fistula	10016717
344942366387494912	ADE	123	140	painful reactions	10033371
346087419424169984	ADE	98	105	fatigue	10016256
346087419424169984	ADE	113	117	achy	10000424
346096906985938945	ADE	112	119	fatigue	10016256
346096906985938945	ADE	127	131	achy	10000424
350691733987799040	ADE	39	48	no immune	10021425
351399799750279168	ADE	12	24	nerve damage	10029177
351399799750279168	ADE	35	42	MS like	10028055
344127080918827008	ADE	89	93	pain	10033371
344127080918827008	ADE	98	106	weakness	10047862
344127080918827008	ADE	117	124	seizure	10039906
345607804171743233	ADE	52	58	rashes	10062948
349086151249903617	ADE	12	45	hair is... definitely falling out	10019045
330466694189428737	ADE	90	94	sick	10016365
345333265089048577	ADE	63	72	depressed	10012374
351285012047470592	ADE	36	45	addictive	10012336
351285012047470592	ADE	83	95	clusterheads	10059133
351285012047470592	ADE	98	110	days of hell	10016370
344848831646670848	ADE	38	46	allergic	10013661
330457675445968896	ADE	53	64	can't think	10043436
330457675445968896	ADE	69	82	see) straight	10047508
351412839447146496	ADE	31	41	starvation	10003030
327835368164573186	ADE	27	43	increases hunger	10020466
330154444459241472	ADE	45	51	dreams	10004969
332497216080052224	ADE	37	40	fat	10047896
332497216080052224	ADE	83	93	hand shake	10040530
340983454554546176	ADE	110	125	stopped working	10043087
346275392090423296	ADE	91	119	Getting out of bed is haaard	10012378
347746008903581696	ADE	3	25	creativity was blocked	10027374
351423946706526209	ADE	43	46	w/d	10048010
331146154786041856	ADE	36	42	drowsy	10013649
331146154786041856	ADE	43	47	haze	10017565
343602068067581952	ADE	64	74	brain zaps	10033775
343602068067581952	ADE	90	110	genitals aren't numb	10059272
347713864009408513	ADE	102	107	detox	10061814
340535092873162752	ADE	24	37	facial spasms	10063006
340535092873162752	ADE	68	71	eye	10041384
326575463835250689	ADE	51	56	awake	10041014
329128359063859201	ADE	17	26	out of it	10041374
329128359063859201	ADE	47	56	doping up	10070679
331370652881797120	ADE	0	7	-9.5lbs	10047900
331411632213344256	ADE	107	132	horrid intrusive thoughts	10077275
341242496321482753	ADE	71	79	allergic	10013661
342324117812420609	ADE	25	30	sleep	10041014
347461921676607489	ADE	123	136	hallucinating	10019062
349974468547981317	ADE	89	98	dry mouth	10013781
351415959514390530	ADE	116	138	20 hours a day, asleep	10041349
354343052212568066	ADE	55	71	prolactin levels	10036826
354343052212568066	ADE	83	98	boobs humungous	10014843
343153861915201538	ADE	57	75	knee still painful	10023477
343153861915201538	ADE	77	86	Back ache	10003978
345083262672175104	ADE	32	47	Lower back ache	10024890
345083262672175104	ADE	49	58	neck ache	10028836
345083262672175104	ADE	60	64	hips	10033432
345083262672175104	ADE	69	79	knees ache	10023477
345083262672175104	ADE	81	96	short of breath	10040604
345880550915059712	ADE	42	50	backache	10003978
349303644262367234	ADE	26	49	muscle &amp; back pains	10028322
349303644262367234	ADE	39	49	back pains	10003988
332457979939016705	ADE	109	124	not remembering	10017060
333037072992575490	ADE	81	91	drowsiness	10013649
333203009209266176	ADE	34	78	sleep on my own. but i got at least 16 hours	10041014
333613151599869952	ADE	67	80	sugar crashes	10005808
333613151599869952	ADE	107	115	feel ill	10021345
343283459533443072	ADE	61	74	won't wake up	10019158
343376431864229889	ADE	9	21	not remember	10017060
348336073967022080	ADE	91	126	feels like I have raw nerve endings	10021681
349006492898295808	ADE	88	115	sleep for 12 straight hours	10041000
350867989538684929	ADE	84	104	urge to procure food	10021654
326928335110291456	ADE	92	102	dependence	10013663
327604889540755456	ADE	50	56	asleep	10041349
328660565033639937	ADE	36	59	knocked me the fuck out	10041349
333208965607456771	ADE	34	38	high	10016333
333208965607456771	ADE	77	82	drunk	10013767
339971334794772480	ADE	104	113	tolerance	10052804
341622840933629953	ADE	28	42	sleep schedule	10004095
346580466041778176	ADE	77	111	felt like I.had a frontal lobotomy	10027374
348206994722783232	ADE	58	62	sick	10016365
348206994722783232	ADE	64	76	couldnt move	10028045
348206994722783232	ADE	89	97	migraine	10027599
348206994722783232	ADE	99	103	puke	10047700
348206994722783232	ADE	105	111	shakes	10040528
350848441829687296	ADE	49	59	nightmares	10029412
350848441829687296	ADE	76	84	insomnia	10022437
326995800024571906	ADE	16	21	tired	10043890
326995800024571906	ADE	75	97	no freaking motivation	10023614
326995800024571906	ADE	101	107	energy	10016356
327367830527963137	ADE	9	14	sleep	10041349
327367830527963137	ADE	32	37	tired	10043890
327367830527963137	ADE	42	47	dizzy	10013573
328794465395437568	ADE	52	58	drowsy	10013649
328794465395437568	ADE	86	102	don't sleep well	10062519
329499342601854976	ADE	0	23	Feel crap every morning	10016370
329499342601854976	ADE	47	61	restless night	10041007
329975207488004096	ADE	80	93	carb cravings	10007216
330685673055088640	ADE	0	6	Dreamt	10004969
330685673055088640	ADE	96	102	dreams	10004969
330685673055088640	ADE	124	134	withdrawal	10048010
332929438713004034	ADE	95	109	dreamt colours	10047666
332929438713004034	ADE	114	134	lost my fucking mind	10037234
342267219792781312	ADE	57	71	falling asleep	10041349
349627789009367040	ADE	113	120	sickest	10016365
342907594135977986	ADE	32	39	ZOMBIES	10016384
343031253072764928	ADE	78	103	eat because I just forget	10003030
343525207937544192	ADE	19	24	hyper	10020554
344152692547018752	ADE	27	46	Can't. Stop. Moving	10020554
344865165608636416	ADE	17	29	felt drugged	10070679
344865863490473984	ADE	85	95	lose focus	10003738
345176614683959298	ADE	4	13	come down	10073281
326406322323066883	ADE	45	71	feel like crying but can't	10011469
326406322323066883	ADE	111	117	zombie	10016384
326455480891346947	ADE	46	55	Lethargic	10024262
326455480891346947	ADE	108	122	hot &amp; cold	10016335
326789014290055168	ADE	26	32	hungry	10020466
326789014290055168	ADE	53	75	want to eat my own arm	10020466
327136020594307072	ADE	105	137	 parody of an actual human being	10012359
327202063299788801	ADE	13	26	try for sleep	10041017
327202063299788801	ADE	49	62	light bastard	10062519
327692063460163585	ADE	62	75	wiping me out	10015667
327692063460163585	ADE	104	118	can't function	10041349
327793679634931712	ADE	38	73	feel like I am in a straight jacket	10028339
327793679634931712	ADE	85	103	muscles feel stiff	10028339
328059687327109120	ADE	18	30	light' sleep	10062519
328059687327109120	ADE	32	40	Feel low	10024919
328059687327109120	ADE	42	49	Subdued	10024919
328059687327109120	ADE	51	54	Sad	10016364
328244482455764994	ADE	75	89	sleep problems	10041006
328248124399296512	ADE	86	101	 tired daytimes	10011865
328645545411354625	ADE	0	10	Over-eaten	10015598
329201654484328450	ADE	58	69	interaction	10013710
329201654484328450	ADE	120	125	dizzy	10013573
329340088809033730	ADE	120	126	sleepy	10041014
329541278268264448	ADE	90	98	comatose	10041349
329617517578444802	ADE	128	133	manic	10026749
329832584282513408	ADE	90	96	dreams	10004969
329867012782309376	ADE	0	7	Tearful	10043169
329867012782309376	ADE	34	51	poor nights sleep	10062519
329867012782309376	ADE	74	85	withdrawing	10048010
329890622674718720	ADE	0	17	Joints killing me	10023222
329890622674718720	ADE	121	130	Knackered	10016370
330026374758797312	ADE	100	108	addicted	10001125
330070815049662465	ADE	0	10	coming off	10013754
330070815049662465	ADE	47	53	nausea	10028813
330070815049662465	ADE	54	62	sickness	10016365
330070815049662465	ADE	63	75	hot and cold	10016335
330070815049662465	ADE	76	83	shivers	10040558
330070815049662465	ADE	84	93	twitching	10045198
330070815049662465	ADE	94	102	headache	10019211
330249629247610880	ADE	35	45	withdrawal	10023222
330545428493893632	ADE	67	73	zombie	10016384
330740866807386112	ADE	17	26	addictive	10012336
330740866807386112	ADE	34	58	discontinuation syndrome	10013754
330877304140083200	ADE	77	81	high	10016333
330910232819679235	ADE	2	26	feel like a pile of shit	10016370
330910232819679235	ADE	28	32	sick	10016365
330910232819679235	ADE	34	38	cold	10009851
330910232819679235	ADE	40	56	stomach reacting	10042113
330991367222337536	ADE	0	5	Slept	10041349
331478814888689664	ADE	41	62	breastmilk production	10023666
331478814888689664	ADE	89	103	hallucinations	10019063
331745125501915138	ADE	29	46	allergic reaction	10001718
331745125501915138	ADE	92	96	rash	10037844
331818975681982464	ADE	19	23	burp	10006804
331818975681982464	ADE	33	46	want to ralph	10028813
331961284935434242	ADE	71	77	Groggy	10018730
332175390044999680	ADE	23	34	withdrawing	10048010
332176466940923904	ADE	85	104	knocks me right out	10041349
332176466940923904	ADE	109	129	won't let me wake up	10019158
332280215931858945	ADE	37	51	muscle tremors	10044573
332280215931858945	ADE	103	114	combination	10013710
332298447866707969	ADE	42	53	withdrawals	10048010
332302887940145152	ADE	71	80	withdraws	10048010
332304295791824897	ADE	134	138	sick	10016365
332356011946016768	ADE	59	68	delirious	10012217
332356011946016768	ADE	78	87	messed up	10016370
332391387901358081	ADE	65	74	delirious	10012217
332511485043548162	ADE	68	77	back pain	10003988
332511485043548162	ADE	93	96	sad	10016364
332511485043548162	ADE	101	121	crying for no reason	10011469
332511485043548162	ADE	101	107	crying	10011469
332666031778721792	ADE	33	41	allergic	10001718
332906821624934400	ADE	68	74	nausea	10028813
332906821624934400	ADE	96	107	hypotension	10020772
332978332679409665	ADE	69	78	biffiness	10027374
333029850547900416	ADE	111	134	sleep for fifteen hours	10041349
333047285430751232	ADE	46	55	addictive	10001125
333047285430751232	ADE	103	114	hands shake	10040530
333047285430751232	ADE	129	139	brain zaps	10014358
333047948642492416	ADE	75	86	parasthesia	10033987
333047948642492416	ADE	75	86	parasthesia	10033775
333047948642492416	ADE	88	106	cognitive problems	10009846
333047948642492416	ADE	108	121	kidney stones	10023437
333050589867028480	ADE	122	130	migraine	10027599
333180265264472065	ADE	100	117	going though hell	10048010
333249611403784193	ADE	81	95	put on weight 	10047896
333249611403784193	ADE	106	116	extra 20kg	10047896
333286778628870145	ADE	89	111	Coming off venlafaxine	10013754
333286778628870145	ADE	124	129	nasty	10016370
333294325951774720	ADE	52	64	symptom free	10016370
333297273750564864	ADE	13	28	wake up at 2:30	10040999
333297273750564864	ADE	39	61	half your day sleeping	10041349
333304563857780736	ADE	63	83	eyes are outta focus	10012792
333304563857780736	ADE	92	111	can't walk straight	10047810
333358524274987008	ADE	40	60	ruined my creativity	10027374
333358524274987008	ADE	70	89	memory now is awful	10027175
333358524274987008	ADE	70	76	memory	10027175
333359537992118274	ADE	42	51	revved up	10020554
333359537992118274	ADE	100	111	stupid head	10010300
333450968328974336	ADE	86	93	bloated	10005264
333450968328974336	ADE	119	148	heart was beating wicked fast	10019303
333452116511309824	ADE	8	13	tired	10043890
333457801953284097	ADE	62	78	holes in my head	10050462
333466989102239744	ADE	62	70	crippled	10049278
333466989102239744	ADE	126	136	can't walk	10049278
333519110946291712	ADE	90	102	not sleeping	10041017
333722857290989568	ADE	52	76	hypo manic mixed episode	10021030
333735685406224385	ADE	75	89	falling asleep	10041014
333735685406224385	ADE	109	133	brain's always scattered	10067192
333782488428212226	ADE	20	29	Achille's	10048602
333801812610138114	ADE	109	140	shitty feeling when you wake up	10016370
333824061656412160	ADE	30	34	pain	10033371
333824061656412160	ADE	42	52	tendonitis	10043255
333824061656412160	ADE	54	63	headaches	10019211
333824061656412160	ADE	65	81	cognitive issues	10009846
333854639332151296	ADE	73	77	pain	10033371
333854639332151296	ADE	96	128	Struggled to get out of the bath	10047862
333866431626235906	ADE	36	44	hobbling	10047810
333866431626235906	ADE	120	128	ruptures	10043248
333961182874566659	ADE	102	113	itchy scalp	10023093
333961182874566659	ADE	120	128	hairloss	10019045
333962515232985088	ADE	82	87	tired	10043890
333962515232985088	ADE	92	103	half-asleep	10043890
333967101628923904	ADE	17	29	takes it out	10041349
333967101628923904	ADE	59	67	sleeping	10041349
340177324798525440	ADE	31	39	addicted	10056478
340233810903982080	ADE	44	54	withdrawal	10048010
340305120258564097	ADE	44	50	poison	10067843
340305120258564097	ADE	58	79	kills your taste buds	10043134
340322414133129216	ADE	22	28	poison	10067843
340322414133129216	ADE	78	86	headache	10019211
340332151184691200	ADE	4	40	nicotine beast has me firmly gripped	10056484
340332151184691200	ADE	26	68	firmly gripped in it's gnarled yellow claw	10056484
340334658183110656	ADE	3	12	shivering	10040558
340339429329760256	ADE	21	25	high	10016333
340347328479260672	ADE	38	44	sadvil	10016364
340371556930818048	ADE	65	71	addict	10056478
340416031971500032	ADE	40	50	cold sweat	10009866
340416031971500032	ADE	65	73	insomnia	10022437
340513045916835840	ADE	63	68	 numb	10071175
340513045916835840	ADE	123	131	lifeless	10016340
340520325110456323	ADE	97	105	THROWING	10062375
340530953015402497	ADE	106	133	trying to function normally	10027372
340567278422728704	ADE	120	135	can't take both	10013710
340660708364677120	ADE	39	48	withdrawl	10048010
340937210973016064	ADE	50	58	Toxicity	10013746
340937210973016064	ADE	106	118	chronic pain	10049475
340951233055580160	ADE	65	74	legs ache	10024130
340959965877522432	ADE	14	34	suicidally depressed	10042457
340959965877522432	ADE	56	61	voice	10003785
340959965877522432	ADE	100	113	worthlessness	10016374
340978989285908480	ADE	97	117	shaking like ur cold	10040558
340978989285908480	ADE	118	127	shivering	10040558
341008335463669760	ADE	26	34	munchies	10056465
341008335463669760	ADE	43	54	eatin weird	10056465
341008335463669760	ADE	89	103	tearin up food	10004716
341027310780153856	ADE	97	102	worse	10012398
341042669327364096	ADE	47	61	tongue is numb	10029852
341115678557884416	ADE	31	49	damage ALL tendons	10043242
341115678557884416	ADE	91	95	walk	10049278
341116202338361344	ADE	42	53	been in bed	10048948
341118058305318912	ADE	35	43	crippled	10049278
341121734126231552	ADE	88	98	disability	10013050
341212339883868160	ADE	34	40	stupid	10027372
341212339883868160	ADE	45	51	clumsy	10009696
341306691310215168	ADE	98	111	feeling awful	10016370
341306691310215168	ADE	122	132	withdrawal	10048010
341632186849566720	ADE	89	112	brain is a sack of NOPE	10010300
341655044569047041	ADE	79	89	depression	10012378
341655044569047041	ADE	106	109	ocd	10029898
341655044569047041	ADE	110	118	insomnia	10022437
341664551076499457	ADE	13	18	tired	10043890
341664551076499457	ADE	51	64	sleep so much	10041349
341691080019943424	ADE	82	92	depression	10012398
341696140116365312	ADE	47	61	eating all day	10015598
341696140116365312	ADE	68	78	feel weird	10047904
341700947707314178	ADE	58	67	depressed	10012378
341732677487063042	ADE	3	20	feeling so shitty	10016370
341734697115742208	ADE	31	40	headaches	10019211
341752469287755776	ADE	73	95	put a gun in your hand	10042458
341797745549516800	ADE	50	56	drowsy	10013649
341818667773853696	ADE	0	14	Feels dreadful	10016370
341818667773853696	ADE	124	133	lung pain	10074693
341822266851594240	ADE	86	102	rid myself of it	10013663
341822266851594240	ADE	127	135	no sleep	10041017
341830080873504769	ADE	20	28	allergic	10001718
341830080873504769	ADE	64	68	sick	10016365
341861781385383936	ADE	30	37	nauseas	10028813
341861781385383936	ADE	67	74	chunder	10047700
341903484242784256	ADE	105	118	tummy trouble	10045148
341943632657543169	ADE	31	41	withdrawal	10048010
341964103297945600	ADE	54	81	perspective time and people	10074073
341966225259233281	ADE	25	44	losing every breath	10040604
341966225259233281	ADE	75	99	 heart beat out my chest	10019297
342011049928687616	ADE	68	77	up till 4	10022437
342011049928687616	ADE	103	109	zombie	10016384
342011049928687616	ADE	118	123	tired	10043890
342087942472359936	ADE	40	53	schizophrenia	10039626
342087942472359936	ADE	60	72	hear answers	10019364
342109935531868161	ADE	36	45	thick fog	10016876
342124485253664768	ADE	31	39	TooChill	10014560
342124485253664768	ADE	41	47	Zombie	10016384
342150382698504192	ADE	70	78	weakness	10047862
342150382698504192	ADE	83	94	muscle pain	10028322
342163994209054720	ADE	23	36	Weirdo dreams	10004969
342163994209054720	ADE	46	52	drowsy	10013649
342166652617629696	ADE	7	24	hearing the words	10003785
342222942853287936	ADE	51	59	suicidal	10042458
342222942853287936	ADE	91	95	numb	10071175
342229999450992640	ADE	102	111	headaches	10019211
342240470535139328	ADE	34	43	got me up	10022437
342240470535139328	ADE	52	76	only slept about 2 hours	10041017
342283136480206848	ADE	54	64	withdrawal	10048010
342283136480206848	ADE	75	82	anxiety	10002855
342283136480206848	ADE	109	121	hypochondria	10020965
342299048105091072	ADE	11	14	low	10024919
342310086363983873	ADE	34	45	weight gain	10047896
342314998904786945	ADE	10	20	withdrawal	10048010
342314998904786945	ADE	41	52	lost vision	10047522
342314998904786945	ADE	86	95	brain zap	10014358
342322703556038657	ADE	27	35	nauseous	10028823
342349802601844737	ADE	71	84	gainin weight	10047896
342349802601844737	ADE	101	104	fat	10047896
342349802601844737	ADE	109	118	can't cum	10021574
342355917045645313	ADE	21	29	headache	10019211
342359425400582144	ADE	72	83	exacerbates	10007636
342369061524615168	ADE	55	75	WON'T YOU LET ME EAT	10003030
342376807527497730	ADE	40	45	toxic	10013746
342376807527497730	ADE	93	114	equivalent to torture	10016370
342376807527497730	ADE	116	119	oww	10033371
342393613180862465	ADE	43	49	rashes	10037844
342393613180862465	ADE	81	97	Skin sensitivity	10021681
342397871229911040	ADE	110	115	wonky	10016366
342476405872939008	ADE	25	43	makes me nocturnal	10041017
342476405872939008	ADE	34	43	nocturnal	10041017
342479732811644929	ADE	27	35	headache	10019211
342480912350576641	ADE	56	60	balm	10019045
342480912350576641	ADE	95	103	hairloss	10019045
342537091495895040	ADE	28	58	sleeping schedule of a vampire	10041017
342607933672148992	ADE	4	25	Vitamin D malsorption	10047626
342607933672148992	ADE	116	132	calcium problems	10006956
342671774519009280	ADE	136	145	depressed	10012378
342705807537868802	ADE	59	68	wait gain	10047896
342705807537868802	ADE	99	105	weight	10047896
342730668704415745	ADE	103	121	destroyed my liver	10024668
342763086056419329	ADE	78	95	allergic reaction	10001718
342763086056419329	ADE	107	123	almost killed me	10068111
342843798554046464	ADE	56	70	mixed episodes	10065032
342843798554046464	ADE	84	95	instability	10022454
342918945839411200	ADE	130	134	high	10016333
343076301835472898	ADE	21	32	WITHDRAWALS	10048010
343109117877026818	ADE	8	24	blew out my arms	10079024
343109117877026818	ADE	31	36	heels	10033431
343109117877026818	ADE	50	54	hurt	10033371
343109117877026818	ADE	76	80	pain	10033371
343130110569873409	ADE	18	23	vomit	10047700
343130110569873409	ADE	45	54	migraines	10027599
343146080269111297	ADE	31	47	Bizarre thoughts	10021402
343154435695980547	ADE	11	20	irritated	10016337
343154435695980547	ADE	47	66	can't think as fast	10041049
343161902710542337	ADE	86	92	zombie	10016384
343255526232178688	ADE	28	45	flu Iike symptoms	10016791
343255526232178688	ADE	47	62	aches and pains	10000424
343255526232178688	ADE	64	71	shivers	10040559
343255526232178688	ADE	74	80	sweats	10042661
343359399659712512	ADE	101	105	rage	10037804
343472402082181120	ADE	31	36	Aches	10000424
343472402082181120	ADE	45	54	back pain	10003988
343472402082181120	ADE	63	81	Swollen lower legs	10042700
343472402082181120	ADE	87	102	fluid retention	10016807
343476427846475776	ADE	31	47	comedown is hell	10013754
343476427846475776	ADE	120	130	zap noises	10014358
343481297446006784	ADE	32	48	inability to cry	10071175
343481297446006784	ADE	56	64	dry eyed	10071175
343482622871236608	ADE	28	38	over think	10067192
343482622871236608	ADE	66	71	angry	10002368
343491179695964160	ADE	4	9	tired	10043890
343491179695964160	ADE	49	56	naptime	10041014
343523993749434369	ADE	27	43	blew out my arms	10079024
343523993749434369	ADE	50	55	heels	10033431
343523993749434369	ADE	69	73	hurt	10033371
343523993749434369	ADE	95	99	pain	10033371
343569840684007424	ADE	7	12	wired	10041017
343569840684007424	ADE	14	26	Not sleeping	10041017
343814311971528705	ADE	16	40	 tendons in lots of pain	10066371
343814311971528705	ADE	60	79	hands barely usable	10079009
343828151400554496	ADE	56	69	brain shivers	10014358
343828151400554496	ADE	110	120	withdrawal	10048010
343855437420052480	ADE	116	131	barely function	10027372
343885385077768193	ADE	0	13	Restless arms	10028006
343885385077768193	ADE	0	24	restless arms &amp; legs	10038742
343904497518669824	ADE	10	18	sleeping	10041349
343910899507154944	ADE	101	112	gain weight	10047896
344013339350929408	ADE	74	80	zombie	10016384
344117668200210433	ADE	43	50	ab pain	10000081
344117668200210433	ADE	52	58	cramps	10011293
344117668200210433	ADE	59	65	nausea	10028813
344117668200210433	ADE	66	75	vomitting	10047700
344117668200210433	ADE	77	81	skin	10040831
344117668200210433	ADE	82	96	joint problems	10023211
344117668200210433	ADE	98	113	ulcers in mouth	10045319
344117668200210433	ADE	114	121	fatique	10016256
344173110209179648	ADE	85	98	reacted badly	10016370
344189386763681792	ADE	77	80	ill	10021345
344220746198958080	ADE	14	30	pee way too much	10046600
344220746198958080	ADE	111	120	dehydrate	10012174
344267687582642177	ADE	5	9	rant	10002368
344267687582642177	ADE	26	35	withdrawl	10048010
344268787182338049	ADE	11	20	addiction	10001125
344268787182338049	ADE	67	77	dependance	10013663
344268787182338049	ADE	106	114	headache	10019211
344309040282734593	ADE	96	105	depressed	10012378
344347416289488896	ADE	24	47	felt like sumo wrestler	10005264
344351386542174208	ADE	48	61	urge to vomit	10047700
344351386542174208	ADE	70	85	feel disgusting	10028822
344384333588602880	ADE	48	73	cleaned my entire kitchen	10010219
344384333588602880	ADE	80	83	3am	10022437
344496248478384128	ADE	57	66	migraines	10027599
344496248478384128	ADE	116	121	tired	10043890
344528512004272129	ADE	4	8	high	10016333
344581349547589636	ADE	90	102	pancreatitis	10033645
344581349547589636	ADE	107	125	digestive problems	10018028
344630020364460032	ADE	46	54	addicted	10001125
344733595103002624	ADE	33	41	headache	10019211
344733595103002624	ADE	49	57	shoulder	10040617
344733595103002624	ADE	62	71	neck ache	10028831
344733595103002624	ADE	67	71	ache	10000424
344733595103002624	ADE	73	88	lower back pain	10024891
344733595103002624	ADE	79	88	back pain	10003988
344733595103002624	ADE	90	100	weak knees	10047862
344733595103002624	ADE	102	109	limping	10058726
344733595103002624	ADE	102	110	limping 	10058726
344787549706940416	ADE	20	29	tourettes	10044126
344787549706940416	ADE	51	58	Twitchy	10045198
344829955051495424	ADE	91	100	addiction	10001125
344830732075663360	ADE	68	77	addiction	10001125
344923302919278592	ADE	56	62	hungry	10020466
344923302919278592	ADE	73	106	tear my own face off &amp; eat it	10020467
344923302919278592	ADE	110	113	cry	10011469
344939998807736320	ADE	51	64	whacks me out	10041349
344939998807736320	ADE	80	86	asleep	10041349
344963390038499328	ADE	62	65	TMJ	10043900
344963390038499328	ADE	66	75	headaches	10019211
345166429974327297	ADE	71	76	aches	10000424
345166429974327297	ADE	93	108	lower back ache	10024890
345166429974327297	ADE	113	123	weak knees	10047862
345280161941430272	ADE	53	58	sick 	10016365
345280161941430272	ADE	53	57	sick	10016365
345284715630190592	ADE	14	22	allergic	10001718
345284736110960641	ADE	68	72	sick	10016365
345297976589172736	ADE	40	56	hating the world	10002368
345416979722678272	ADE	82	97	steal your soul	10016340
345416979722678272	ADE	113	120	bloated	10005264
345416979722678272	ADE	121	127	zombie	10016384
345505967829573632	ADE	51	70	not working as well	10043087
345505967829573632	ADE	125	131	sleepy	10041014
345537648926015488	ADE	56	78	like taking rat poison	10016370
345577264949379072	ADE	122	136	worsening pain	10033499
345626164481634304	ADE	53	62	hypomania	10021030
345762127270793217	ADE	22	37	sleep paralysis	10041002
345762127270793217	ADE	71	84	muscle spasms	10028333
345762127270793217	ADE	71	84	muscle spasms	10028334
346054053182193665	ADE	47	52	tired	10043890
346070352121712640	ADE	84	106	blood pressure dropped	10005744
346070352121712640	ADE	116	129	couldn't walk	10049278
346113006150758401	ADE	38	47	sex drive	10024870
346113006150758401	ADE	50	56	libido	10024870
346113006150758401	ADE	85	95	withdrawal	10013754
346352039904833536	ADE	85	94	screaming	10039740
346352039904833536	ADE	99	105	crying	10011469
346415316575858690	ADE	1	15	arms stil hurt	10033421
346415316575858690	ADE	26	57	tendons is like a razor to rope	10043242
346415316575858690	ADE	92	98	weaker	10047862
346415316575858690	ADE	105	115	won't heal	-
346474302138359808	ADE	28	33	tired	10043890
346488248320794624	ADE	16	31	lower back pain	10024891
346488248320794624	ADE	52	60	crippled	10049278
346641300092768257	ADE	64	78	neuro problems	10029298
346641300092768257	ADE	80	86	ataxia	10003591
346706331119538176	ADE	24	36	felt nothing	10071175
346706331119538176	ADE	81	119	coming off klonopin and paxil was hell	10013754
347137874568830977	ADE	41	46	dream	10004969
347149965631553536	ADE	122	143	groggy in the morning	10018732
347173948510834688	ADE	106	113	painful	10033371
347326324085510144	ADE	17	22	burns	10022053
347326633725800448	ADE	89	94	hurts	10022086
347360872278151168	ADE	61	70	zombified	10016384
347414282138431488	ADE	37	41	flat	10016759
347414282138431488	ADE	77	88	weight gain	10047896
347529563628253184	ADE	52	68	messed up dreams	10004969
347552147954622464	ADE	83	95	racing heart	10019303
347552147954622464	ADE	100	112	palpitations	10033557
347639316425617408	ADE	4	16	not sleeping	10041017
347771700370370560	ADE	112	124	messed me up	10016370
347784229842726913	ADE	47	52	aches	10000424
347784229842726913	ADE	57	62	pains	10033371
347788913479393280	ADE	29	39	withdrawal	10048010
347788913479393280	ADE	49	68	feel kinda terrible	10016370
347824349572644865	ADE	39	51	gained 40lbs	10047896
347834378270961664	ADE	102	130	inside i was still screaming	10014554
347901325801029632	ADE	99	121	""metabolic"" syndrome	10052066
347973045023043584	ADE	17	30	knocks me out	10041349
347986748795650048	ADE	39	52	muscle spasms	10028333
347986748795650048	ADE	100	115	fluid retention	10016807
347986748795650048	ADE	122	128	mobile	10021417
348136954900127744	ADE	84	88	Rash	10037844
348136954900127744	ADE	114	122	Glaucoma	10018304
348272601430364160	ADE	119	135	shot my daughter	10064160
348283506037764098	ADE	21	28	lo0o0py	10017565
348283506037764098	ADE	69	91	thirty minutes to type	10010300
348283506037764098	ADE	99	138	waking up without knowing I feel asleep	10041349
348287743568277504	ADE	52	57	pains	10033371
348287743568277504	ADE	104	119	fluid retention	10016807
348355774642266112	ADE	69	83	sleep for days	10041349
348355774642266112	ADE	69	83	sleep for days	10041000
348387894416773120	ADE	37	46	addictive	10001125
348387894416773120	ADE	64	72	sedating	10039897
348456216663580673	ADE	27	37	physically	10015667
348456216663580673	ADE	42	58	mentally drained	10076757
348649853552828417	ADE	66	96	neck, back, hip, and leg aches	10028836
348649853552828417	ADE	72	96	back, hip, and leg aches	10003978
348649853552828417	ADE	78	96	hip, and leg aches	10033432
348649853552828417	ADE	87	96	leg aches	10024130
348662789964972032	ADE	70	80	headaches 	10019211
348662789964972032	ADE	70	79	headaches	10019211
348671976308609024	ADE	79	114	common for apartments to be haunted	10022989
348695929227993088	ADE	110	124	antipsychotics	10037234
348748124916965377	ADE	95	105	withdrawal	10048010
348807944244166658	ADE	33	38	Pains	10033371
348813268363657216	ADE	0	42	Feels like one of those 5-cup #coffee days	10015595
348829559958937601	ADE	106	119	stay in shape	10051602
348846174846992384	ADE	70	73	ill	10021345
348898590124552193	ADE	26	34	lucidity	10079069
348901778563166209	ADE	12	33	dreams became vivider	10047666
348906168556605440	ADE	0	6	Bombed	10070679
348906168556605440	ADE	89	107	sleep all the time	10041349
348907867593658368	ADE	42	53	after sting	10058683
348940056553197568	ADE	62	94	look at my Farrah Fawcett poster	10024870
349022614959837184	ADE	60	70	withdrawal	10048010
349033495026343936	ADE	69	73	sick	10016365
349060806245240832	ADE	59	68	egg burps	10063053
349181810237898752	ADE	96	114	increase my weight	10047896
349184456558518272	ADE	47	67	rage breaking things	10037804
349189973662134272	ADE	6	10	sick	10016365
349190696961466368	ADE	31	37	nauaea	10028813
349190696961466368	ADE	91	105	kicking my ass	10016370
349205685835272193	ADE	24	67	can't even get whipped cream out of the can	10047862
349205685835272193	ADE	72	101	arms just keep getting worse.	10033421
349328587255590912	ADE	84	94	withdrawal	10048010
349382072810483712	ADE	9	16	DIZZING	10013580
349382072810483712	ADE	109	120	feel so Ick	10016370
349447249161494530	ADE	37	59	doing things difficult	10027348
349447249161494530	ADE	99	110	fall asleep	10041349
349455785308327936	ADE	34	58	shooting pains down arms	10050007
349455785308327936	ADE	34	69	shooting pains down arms &amp; legs	10050007
349455785308327936	ADE	93	102	body ache	10000424
349468860673572864	ADE	68	79	lightweight	10001598
349494516593590272	ADE	42	47	tired	10043890
349494516593590272	ADE	54	62	in a fog	10016876
349523241632669696	ADE	14	30	dont get it, sex	10024870
349543406747389953	ADE	80	95	slept 13-14 hrs	10041349
349543406747389953	ADE	112	123	feel wasted	10016330
349549083389734912	ADE	22	36	intense dreams	10047666
349638554021937154	ADE	82	123	you can check in, but you can never leave	10013663
349837320029077505	ADE	40	50	withdrawal	10048010
349837320029077505	ADE	67	76	emotional	10014554
349837320029077505	ADE	109	124	crawl in a hole	10012378
349860621141028865	ADE	40	62	dark night of the soul	10012374
349900825138692098	ADE	94	105	gastro pain	10017999
349900825138692098	ADE	130	136	crying	10011469
349904271401168898	ADE	117	127	withdrawal	10048010
349916421687480320	ADE	121	133	just woke up	10041349
349959820444573696	ADE	49	64	weight I put on	10047896
349995143006400514	ADE	72	86	 carb cravings	10007216
349995143006400514	ADE	73	86	carb cravings	10007216
350232501215707137	ADE	85	102	shouldn't wake up	10041349
350237950187016194	ADE	78	85	tremors	10044565
350461821540511744	ADE	55	66	withdrawals	10048010
350461821540511744	ADE	106	110	sick	10016365
350461821540511744	ADE	112	121	withdraws	10048010
350461821540511744	ADE	123	135	sicksicksick	10016365
350547781091459072	ADE	75	80	aches	10000424
350547781091459072	ADE	85	90	pains	10033371
350668902902145028	ADE	54	70	Trying to get up	10019158
350675032449630211	ADE	41	44	JCV	10023163
350675032449630211	ADE	60	63	JCV	10023164
350789905833664512	ADE	47	78	hip joints just started hurting	10033432
350859685227798531	ADE	44	48	sick	10016365
350859685227798531	ADE	82	90	seizures	10039906
350859685227798531	ADE	82	90	seizures	10039910
350969549681725440	ADE	80	86	bowels	10054248
351022442845700096	ADE	126	136	withdrawal	10048010
351039957969797120	ADE	97	109	Broken sleep	10040999
351364309042999297	ADE	51	61	dehydrates	10012174
351442731454828544	ADE	44	53	depressed	10012374
351442731454828544	ADE	44	53	depressed	10012378
351442731454828544	ADE	73	78	angry	10002368
351479998403706881	ADE	52	70	Respiratory issues	10038683
351479998403706881	ADE	127	138	lung issues	10025082
351520573777641473	ADE	86	120	""smelled"" a pungent solvent odor	10042165
351520573777641473	ADE	124	129	smell	10042165
351521362562654208	ADE	26	31	Chemo	10061758
351521362562654208	ADE	89	107	destroyed my lungs	10025082
351522228065677312	ADE	24	32	headache	10019211
351522228065677312	ADE	37	43	nausea	10028813
351572373134258176	ADE	13	27	t cell went up	10049183
351617714722316288	ADE	107	123	hair falling out	10019045
351624745239838721	ADE	28	36	eyesight	10047516
351624745239838721	ADE	64	98	awesome vision, to wearing glasses	10047516
351634675959205888	ADE	89	97	insomnia	10022437
351665013884321793	ADE	30	38	cravings	10056465
351665424720609280	ADE	32	42	alcoholism	10001639
351665424720609280	ADE	65	74	cravings 	10056465
351668006499258369	ADE	116	122	sleepy	10041014
351677046755303424	ADE	53	69	tremors in hands	10044577
351677046755303424	ADE	53	78	tremors in hands and legs	10044565
351677046755303424	ADE	80	96	Body would rock 	10044565
351677046755303424	ADE	110	122	Restlessness	10038743
351677046755303424	ADE	124	135	Desperation	10016344
351686195098558465	ADE	57	78	feet are always going	10038744
351686195098558465	ADE	89	115	twirls her hair constantly	10010219
351687991451860992	ADE	33	45	restlessness	10038743
351687991451860992	ADE	57	76	did make my legs go	10038742
351689824148799489	ADE	1	8	Tremors	10044565
351689824148799489	ADE	64	84	tension in my nerves	10043272
351689824148799489	ADE	97	104	shaking	10040528
351782926419111939	ADE	39	43	sick	10016365
351870648974446593	ADE	6	15	Nightmare	10029414
351870648974446593	ADE	29	34	awake	10022437
352310415616786432	ADE	13	24	eh whatever	10002942
352456944537178112	ADE	3	9	wailed	10011469
352456944537178112	ADE	41	48	sobbing	10011469
352456944537178112	ADE	85	109	DISCONTINUATION SYNDROME	10048010
352468992402796544	ADE	109	118	insomniac	10022437
352481116801871873	ADE	78	91	night visions	10017375
352627089926656000	ADE	20	36	sleep past 24hrs	10041349
352627089926656000	ADE	114	125	tummy pains	10045149
352629381534978048	ADE	106	115	exhausted	10015667
352742688522641409	ADE	70	84	reduces libido	10024870
352742688522641409	ADE	96	104	lethargy	10024262
352819630613598209	ADE	43	54	gain weight	10047896
352862592072560640	ADE	5	13	paranoia	10033864
352862592072560640	ADE	21	35	leg is itching	10023091
352974009723387906	ADE	42	48	zombie	10016384
352974009723387906	ADE	59	75	hating the world	10023000
353414347126620160	ADE	81	86	drunk	10016330
353414347126620160	ADE	88	98	staggering	10041902
353414347126620160	ADE	100	111	blurry-eyed	10005889
353414347126620160	ADE	113	120	amnesic	10027175
353569952357285889	ADE	65	75	drowsiness	10013649
353569952357285889	ADE	76	86	sleepiness	10041014
353569952357285889	ADE	87	97	GI effects	10018028
353836819030360064	ADE	10	18	Crippled	10049278
353836819030360064	ADE	92	106	Tendon rupture	10043248
353854998825795586	ADE	89	97	crippled	10049278
354054424613756928	ADE	22	26	sick	10016365
354054424613756928	ADE	67	77	Withdrawal	10048010
354352726815162368	ADE	35	41	HUNGRY	10020466
354352726815162368	ADE	43	63	Prop my eyelids open	10041349
347950374063329280	ADE	76	93	connective tissue	10061087
347950374063329280	ADE	94	99	lungs	10025082
347950374063329280	ADE	104	111	thyroid	10043709
343406657717547008	ADE	78	84	drowsy	10013649
343406657717547008	ADE	110	114	high	10016333
343565430239158272	ADE	25	29	high	10016333
343565430239158272	ADE	46	67	feel like throwing up	10028813
332278485278134274	ADE	21	27	 burns	10006774
348800441192169474	ADE	41	67	weird &amp; bizarre dreams	10004969
350339021471354880	ADE	41	59	anaphylactic shock	10002199
350339021471354880	ADE	66	77	almost died	10068111
350706433580474368	ADE	15	42	nose feel like its bleeding	10005124
353176251315388416	ADE	81	85	weak	10047862
353832654724022273	ADE	69	77	crippled	10022876
332114604169773056	ADE	9	21	numb to feel	10071175
333427125795291136	ADE	63	73	withdrawal	10073281
334022366457917440	ADE	56	62	sleepy	10041018
340867974783193088	ADE	58	65	vertigo	10047340
342284689148624898	ADE	40	51	with drawls	10073281
342708050160934912	ADE	31	40	dizziness	10013573
343403231055073280	ADE	78	85	wdrawal	10073281
343482701816418304	ADE	13	17	mood	10079614
343496135475859457	ADE	107	116	migraines	10027599
343823180542124032	ADE	53	63	nightmares	10029414
344389958812983296	ADE	77	88	withdrawals	10073281
332322723286114304	ADE	10	19	withdrawl	10073281
333483772345466881	ADE	41	47	Vomits	10047700
345979692031025153	ADE	0	6	Crying	10011469
345979692031025153	ADE	69	79	withdrawls	10073281
348243864877940736	ADE	28	57	coming off effexor is NOT fun	10048010
348569983833477120	ADE	22	31	headaches	10019211
348569983833477120	ADE	33	44	no appetite	10003028
351610112521154561	ADE	17	49	coming off Effexor was the worst	10048010
352908792721195008	ADE	117	129	irritability	10023000
353629216518057984	ADE	101	108	rebound	10038001
345436985361571840	ADE	49	59	eyes worse	10047516
349248724083544064	ADE	87	93	weight	10047896
351086788032471041	ADE	60	63	nap	10011865
328087000341180416	ADE	42	62	zap me of all energy	10024862
328087000341180416	ADE	121	137	not feeling good	10016370
329024897097555968	ADE	20	30	see shapes	10047545
330960523195736064	ADE	60	88	feel like I can't even stand	10050218
332459161407324162	ADE	36	45	zombified	10016384
343659472046153728	ADE	100	112	paraesthesia	10033775
344708365726912512	ADE	20	31	14 hour nap	10011865
351772771174449152	ADE	13	34	Restless Leg Syndrome	10038741
347834624304640001	ADE	41	62	messed up my attitude	10003743
347834624304640001	ADE	122	126	mean	10045549
344010078380253184	ADE	49	54	tired	10043890
344118257269211136	ADE	60	67	fatigue	10016256
344118257269211136	ADE	81	85	pale	10033532
344118257269211136	ADE	90	109	lost tons of weight	10047900
346637330746073089	ADE	66	75	fuzziness	10017565
348889890047537152	ADE	84	89	flare	10060732
351487964435587074	ADE	42	46	PAIN	10033371
351842240701792256	ADE	35	65	like I'm having a heart attack	10019300
351842240701792256	ADE	69	81	panic attack	10033664
340987702876966913	ADE	21	32	almost died	10068111
342974071161643008	ADE	38	43	Tired	10043890
349659482483195905	ADE	34	47	wreck my head	10027374
352210793669996545	ADE	47	54	wt loss	10047900
328434766871412736	ADE	96	123	irritating my nerve endings	10029181
328616992858853377	ADE	43	48	yucky	10016370
333933432587554816	ADE	31	39	lethargy	10024262
341318438989471745	ADE	57	63	ataxia	10003591
341876837900746752	ADE	20	43	steven johnson syndrome	10042030
351294528705134592	ADE	49	58	addictive	10012336
351294528705134592	ADE	109	123	3 days of hell	10016370
352934996970967040	ADE	0	18	Allergic reaction 	10001718
348996085781512192	ADE	19	27	poisoned	10035805
348996085781512192	ADE	60	64	pain	10033371
349581089221787648	ADE	69	80	hallucinate	10019063
327171455014035456	ADE	32	46	stomach cramps	10049901
341416199181193216	ADE	38	42	numb	10049338
344544744153690114	ADE	18	22	cold	10016326
349200805745803264	ADE	112	121	addiction	10001125
332538601629966336	ADE	60	67	sweatin	10042661
341975457471791104	ADE	83	94	depression.	10012378
340180531025174528	ADE	15	23	addicted	10001125
340249316469907456	ADE	41	51	withdrawal	10073281
340261980675907585	ADE	77	86	addiction	10001125
340355984633507840	ADE	24	34	withdrawal	10073281
353040661651529728	ADE	70	79	nightmare	10029412
326925921254789120	ADE	80	84	pain	10033371
351072270749413377	ADE	33	51	sick to my stomach	10028823
327354645095784449	ADE	77	115	like wading through treacle getting up	10018732
328209427842879489	ADE	64	79	hunger inducing	10020466
329440408084037632	ADE	93	100	zombies	10016384
330433086598823937	ADE	46	59	knocks me out	10041014
331501881933312000	ADE	56	65	dry mouth	10013781
333195213197672448	ADE	50	61	gain weight	10047896
333195213197672448	ADE	72	77	binge	10004716
333195213197672448	ADE	131	141	joint pain	10023222
341150339455672320	ADE	108	119	weight gain	10047896
341257005232697344	ADE	36	50	olanzapine lbs	10047896
342059686394200064	ADE	103	116	gained 3stone	10047896
350677722617487361	ADE	34	45	gain 20 lbs	10047896
350677722617487361	ADE	83	87	acne	10000496
347150663286931456	ADE	10	18	headache	10019211
332430432459186176	ADE	52	62	withdrawls	10073281
332464487540076544	ADE	6	16	withdrawal	10073281
333118693934501889	ADE	22	39	impossible to cry	10071175
333659385014411264	ADE	64	68	slow	10041049
340739507114610688	ADE	110	119	tolerance	10043087
340739507114610688	ADE	126	139	come too fast	10036596
349211958056202244	ADE	20	32	PEE SO OFTEN	10046600
349341615682371586	ADE	79	93	feel like crap	10016370
350480290839408640	ADE	52	62	forgetting	10017060
352844700597764096	ADE	70	79	impotency	10021550
354293014753062912	ADE	74	84	withdrawal	10073281
340478422012813314	ADE	85	95	withdrawal	10073281
342854702708449280	ADE	83	105	don't feel fully human	10071175
347785064433729537	ADE	3	8	sleep	10004095
347785064433729537	ADE	60	71	gain weight	10047896
332156923002617859	ADE	10	21	no appetite	10003028
340260780266123264	ADE	13	18	hyper	10020554
340398510069411842	ADE	28	39	never sleep	10011001
340398510069411842	ADE	74	103	may NOT switch your brain off	10067192
340398510069411842	ADE	114	125	Exhaustion 	10015667
341698063951343616	ADE	61	65	sick	10016365
341698063951343616	ADE	70	84	twice as drunk	10001598
329167967537483777	ADE	23	29	energy	10024862
330014945175539713	ADE	42	47	tired	10043890
330014945175539713	ADE	49	55	sleepy	10041018
331161461122547712	ADE	75	85	bad dreams	10004063
332221195598565379	ADE	27	38	withdrawals	10073281
332223414595117056	ADE	0	15	Just about dead	10041014
333210857737695232	ADE	24	30	weight	10047896
340289842850197504	ADE	62	71	tiiiiired	10043890
340764967089356801	ADE	70	81	weight gain	10047896
342989392538923008	ADE	0	21	Sleeping my life away	10041000
343082560605274114	ADE	68	76	Numbness	10071175
343082560605274114	ADE	81	89	tingling	10043876
343858901227278336	ADE	129	135	drowsy	10013649
344084347239944192	ADE	17	22	dizzy	10013580
344939374917603328	ADE	73	81	sedating	10039897
346300414737657856	ADE	42	63	portions Prob too big	10015598
346645246832148480	ADE	75	91	heart arrhythmia	10003119
348379241827688448	ADE	28	32	haze	10017565
349077988215754752	ADE	25	31	zombie	10016384
350715772051533824	ADE	45	49	sick	10016365
351384490100260864	ADE	45	54	tiredness	10043890
354277272758398977	ADE	43	49	hungry	10016336
344970612671905793	ADE	32	40	Headache	10019211
344970612671905793	ADE	72	81	back pain	10003988
345004806542327809	ADE	32	41	Neck ache	10028836
345004806542327809	ADE	52	65	shoulder ache	10040617
345004806542327809	ADE	73	82	back pain	10003988
345982981653032960	ADE	103	112	back pain	10003988
346484694344413185	ADE	44	56	pain in neck	10028836
346484694344413185	ADE	58	62	hips	10033432
346484694344413185	ADE	67	71	legs	10033522
346616563677425665	ADE	127	132	aches	10000424
346731975903694850	ADE	32	37	Aches	10000424
332330587106992129	ADE	18	28	nightmares	10029414
332391358042083328	ADE	48	54	crabby	10023000
332391358042083328	ADE	113	132	sluggish and groggy	10041052
332975105347035136	ADE	87	92	dizzy	10013580
332975105347035136	ADE	97	111	lightheadeded 	10024492
333034145846538240	ADE	14	24	gain 18 kg	10047896
333121777909760000	ADE	56	76	get the horn my life	10024870
340250799298973696	ADE	43	53	withdrawal	10073281
340448382776651776	ADE	26	32	sleepy	10041018
340523944761249794	ADE	23	27	pain	10033371
340523944761249794	ADE	70	76	zombie	10016384
342119662651334656	ADE	60	75	sleeping 15 hrs	10041000
342154248097771521	ADE	68	91	crazy shit in my dreams	10004969
342305020999512064	ADE	19	24	tired	10043890
342305020999512064	ADE	38	46	nap time	10011865
342787990747230211	ADE	34	44	passes out	10034100
344467559199961089	ADE	91	100	Zombiness	10016384
344556124994936832	ADE	66	72	hungry	10016336
344960651141193728	ADE	78	93	sleep paralysis	10041002
346238446173577218	ADE	35	46	memory loss	10027176
346389146169905152	ADE	99	112	gained weight	10047896
346451865283751936	ADE	107	112	loopy	10017565
346719952394416128	ADE	14	23	dry-mouth	10013781
348258097044807680	ADE	100	116	sinuses close up	10028771
348946282955546624	ADE	103	114	weight gain	10047896
348946282955546624	ADE	133	137	pain	10033371
349605811506511873	ADE	73	96	screwing with my memory	10027175
349948514215800832	ADE	0	9	lucidity 	10043439
350215594777387009	ADE	59	65	zombie	10016384
350429791851261952	ADE	55	70	barely function	10027372
350666666436345856	ADE	27	38	zombie-ness	10016384
351168851347648513	ADE	11	14	RLS	10038741
351569985484767233	ADE	35	44	fucked up	10016370
329106631633809408	ADE	66	75	crazy ish	10037234
330385145972543488	ADE	38	43	angry	10002368
330385145972543488	ADE	59	64	awake	10011001
331572658909093890	ADE	31	55	taken control of my eyes	10041014
332240916406480896	ADE	103	115	crazy dreams	10004969
332748904128974848	ADE	36	44	priapism	10036661
333020420204797952	ADE	45	63	sleep for dayyssss	10041000
333773605496295424	ADE	53	64	weight gain	10047896
340173342889881601	ADE	46	64	sleep for 11 hours	10041000
340314017446912000	ADE	44	62	troubles waking up	10019158
340839013978087424	ADE	7	15	allergic	10001718
341716542213468160	ADE	120	125	dopey	10027374
341743389018050560	ADE	47	71	barely keep my eyes open	10041014
341954740059516928	ADE	126	135	migraines	10027599
346310712622194688	ADE	75	80	tired	10043890
348547192899923968	ADE	68	74	sleepy	10041018
349165462417977344	ADE	62	78	holes in my head	10027374
349736979090509824	ADE	26	50	dream all types of crazy	10004969
349754241298079744	ADE	15	20	hives	10020197
353733699600265217	ADE	31	42	passing out	10034100
354262122399674369	ADE	10	18	hangover	10019136
354262122399674369	ADE	23	31	dry eyes	10013778
341668123092598784	ADE	134	139	veins	10047184
342072317200973825	ADE	70	93	immune system went poof	10021425
328265863390183425	ADE	59	69	withdrawal	10073281
331163351818330114	ADE	58	73	disturbed sleep	10040999
331163351818330114	ADE	80	90	bad dreams	10004063
331860672071737344	ADE	23	34	itchy skin 	10023094
333211368578772993	ADE	7	25	siiiiiiiiiiiiiiick	10016365
342267623758782464	ADE	42	53	withdrawals	10073281
342267623758782464	ADE	94	123	electric shocks in your brain	10033775
342588614166859776	ADE	12	22	withdrawal	10073281
346583823254974466	ADE	60	78	messed up my sleep	10040999
347388933082066947	ADE	19	25	zombie	10016384
351439006812209153	ADE	75	81	nausea	10028813
349310462954967041	ADE	8	33	kidneys have been swollen	10048469
341824775158652928	ADE	14	22	no sleep	10011001
341922380823793665	ADE	28	37	jacked up	10001495
341929912845873152	ADE	37	49	stomach hurt	10042112
341951245457702912	ADE	62	74	heart attack	10019300
342013098854580227	ADE	7	16	irritable	10023000
342081994232066048	ADE	23	30	crazier	10037234
342108661340045312	ADE	54	66	not sleeping	10011001
342147988937920512	ADE	82	85	OCD	10029898
342158424001376257	ADE	44	53	stressful	10042209
342312023612346369	ADE	17	33	brain is melting	10027374
342359570603204608	ADE	39	47	headache	10019211
342359570603204608	ADE	49	54	anger	10002368
342382265134891009	ADE	31	40	can't eat	10003017
342536907055591424	ADE	28	66	sleeping schedule of a fucking vampire	10011001
342548486664896513	ADE	2	16	lost 17 pounds	10047900
342722273934966785	ADE	21	26	tweak	10070679
342722384723316737	ADE	21	29	Tweaking	10070679
342944016616259585	ADE	38	49	tweakin out	10070679
343001295990427648	ADE	23	57	grinds the shit out of their teeth	10043176
343068236906119168	ADE	24	42	rid of my appetite	10003028
343738008001998848	ADE	41	47	shakes	10040528
343826203888717825	ADE	23	26	hot	10016334
343835405096980480	ADE	69	86	heart was hurting	10008479
344177078142373888	ADE	58	70	TWERK ME OUT	10070679
344503156161515520	ADE	18	29	All nighter	10022437
344746260735086592	ADE	117	128	can't sleep	10011001
344897696080990208	ADE	59	65	addict	10001125
345124251742904320	ADE	2	15	haven't slept	10011001
345298918160089088	ADE	55	71	hating the world	10023000
340740174638092288	ADE	124	130	drowsy	10013649
350434208805695489	ADE	42	59	just eat, and eat	10021654
352782246165495808	ADE	25	38	sleep walking	10041012
332562785970049024	ADE	30	62	Central nervous system breakdown	10007943
332574327444746240	ADE	60	66	 tired	10043890
332574327444746240	ADE	67	73	sleepy	10041018
332574327444746240	ADE	74	77	fog	10016876
333787466597285888	ADE	69	75	gorked	10016322
342052382705844224	ADE	23	47	make me a bigger asshole	10034719
351027118215413761	ADE	45	56	can't sleep	10011001
352682252943097858	ADE	114	122	dry nose	10013782
352682252943097858	ADE	125	131	throat	10013789
333777166175186944	ADE	49	69	erectile dysfunction	10061461
333777894822248449	ADE	49	69	erectile dysfunction	10061461
341332687891611649	ADE	27	36	halitosis	10019058
332546823447248896	ADE	102	112	tendonitis	10043255
333278830980648960	ADE	59	66	disable	10049278
333278830980648960	ADE	127	135	crippled	10049278
334024264187523074	ADE	45	60	Felt like chemo	10006784
340451551766274049	ADE	23	30	vampire	10022437
341115149723250688	ADE	21	45	destroyed my entire body	10022876
341115149723250688	ADE	66	75	Bedridden	10048948
341530146165104641	ADE	25	44	killing""  my tummy	10045148
341688886319271936	ADE	86	99	septic c diff	10054177
342800591816384512	ADE	57	66	Can't run	10022876
345241637078847489	ADE	33	37	sick	10016365
346242584366161920	ADE	68	73	dizzy	10013580
346242584366161920	ADE	78	82	sick	10016365
346242584366161920	ADE	91	99	crippled	10049278
349202688950542336	ADE	98	106	CRIPPLED	10049278
349211366210539520	ADE	62	70	crippled	10049278
349785645192982528	ADE	33	49	nearly killed me	10068111
350275755235741696	ADE	10	18	allergic	10001720
351126697472569344	ADE	39	44	dying	10013767
352869424174342144	ADE	83	89	nausea	10028813
353912194167087107	ADE	51	59	headache	10019211
332480409654943744	ADE	26	35	addictive	10012336
332660233929367552	ADE	51	61	withdrawal	10073281
332946951085645824	ADE	67	140	might notice if I got hit in the crotch w/ a lance in a jousting accident	10024870
333014107940872193	ADE	54	64	discomfort	10013082
333424999757131776	ADE	21	40	Stress Incontinence	10042213
333424999757131776	ADE	64	95	like Niagara Falls when I cough	10046543
333600785923461120	ADE	100	111	no appetite	10003017
333708855701803010	ADE	68	84	could not orgasm	10021574
333938862600634370	ADE	132	143	withdrawals	10073281
333998630220476418	ADE	115	139	raised my blood pressure	10005755
340360304531734529	ADE	55	61	nausea	10028813
340360304531734529	ADE	63	72	dry mouth	10013781
340360304531734529	ADE	74	86	constipation	10010774
340360304531734529	ADE	88	96	diarrhea	10012727
340360304531734529	ADE	98	105	fatigue	10016256
340360304531734529	ADE	109	128	THOUGHTS OF SUICIDE	10042458
340686873942966273	ADE	37	46	miserable	10016342
340694457827618816	ADE	9	19	withdrawal	10073281
340811627488239616	ADE	57	62	tired	10043890
341215457975607296	ADE	41	51	exhausting	10015567
341351963583201282	ADE	75	87	slept 10 hrs	10041000
341683572463259649	ADE	47	69	heart started lurching	10019323
341704235118895104	ADE	1	26	Coming off cymbalta SUCKS	10048010
341953288285061121	ADE	30	55	Getting off of it is HELL	10048010
342117282585133056	ADE	78	84	sweats	10042661
342117282585133056	ADE	86	94	migraine	10027599
342117282585133056	ADE	96	103	tremors	10044565
342473302343831552	ADE	91	100	interacts	10013710
342560740818948096	ADE	18	25	thirsty	10021689
342560740818948096	ADE	48	70	mouth is painfully dry	10013781
342560740818948096	ADE	75	115	feels like the Sahara desert in my mouth	10013781
343374668801138688	ADE	21	29	hangover	10019136
343375837929807872	ADE	96	130	turn peaceful people into the hulk	10001488
343539966657327105	ADE	52	71	feel sooooooo weird	10047904
343836978212642817	ADE	53	58	tired	10043890
343836978212642817	ADE	63	70	anxious	10016323
344299543527051264	ADE	9	20	withdrawals	10073281
344299543527051264	ADE	42	58	Head is spinning	10019203
344299543527051264	ADE	60	78	Blood pressure low	10024895
344457086429708290	ADE	54	80	appetite is still terrible	10003030
344983576493817856	ADE	17	34	driving me insane	10048345
345391029731606529	ADE	49	59	withdrawal	10073281
332761628544229376	ADE	63	74	asleep 24/7	10041000
342775921243209728	ADE	78	82	rash	10037844
332853469503442944	ADE	34	47	jaw clenching	10057326
340474716039020545	ADE	36	47	withdrawals	10073281
340613526244704256	ADE	71	81	withdrawls	10073281
340613526244704256	ADE	89	98	miserable	10016342
340613526244704256	ADE	118	123	angry	10002368
340638766215622656	ADE	59	75	LOSS OF APPETITE	10003028
340977425435471874	ADE	15	22	shaking	10040528
341139910352326656	ADE	54	89	feels like when you come off heroin	10073281
341240191375245312	ADE	46	51	dizzy	10013580
341240191375245312	ADE	56	63	wrecked	10016370
341294461986430977	ADE	47	58	 withdrawal	10073281
341598226094383104	ADE	18	28	Brain Zaps	10033775
341752534295248897	ADE	127	138	lightheaded	10024490
342031084290203649	ADE	43	49	hungry	10016336
342031084290203649	ADE	51	56	dizzy	10013580
342031084290203649	ADE	62	71	lethargic	10024262
342031084290203649	ADE	100	111	weight gain	10047896
342304451605962752	ADE	8	18	withdrawal	10073281
342579514636902403	ADE	36	47	Sleep cycle	10040995
342579514636902403	ADE	52	59	quality	10062519
342616686375100416	ADE	1	19	Stomach discomfort	10013087
342616686375100416	ADE	21	28	flushed	10016821
342616686375100416	ADE	30	38	sweating	10042661
342616686375100416	ADE	46	49	jaw	10061257
343471954109550592	ADE	29	44	kills my libido	10024870
344905888026460161	ADE	22	34	boner killer	10015118
346349207214510080	ADE	53	63	Brain zaps	10033775
346655051051327488	ADE	77	97	descent into madness	10027352
346773119140233217	ADE	0	8	Headache	10019211
346773119140233217	ADE	15	27	stomach ache	10042076
347620121323372545	ADE	61	76	stopped working	10043087
347958800189362177	ADE	14	40	feeling like a train wreck	10016370
347958800189362177	ADE	42	50	tweaking	10070679
348146788143861760	ADE	95	109	ability to cum	10021574
348376394746695680	ADE	28	44	sucidal thoughts	10042458
348376394746695680	ADE	47	55	insomnia	10022437
348376394746695680	ADE	58	70	feeling high	10016333
348376394746695680	ADE	77	90	unresponsible	10003614
348376394746695680	ADE	93	102	Dry mouth	10013781
348478051098718208	ADE	67	83	gained 80 pounds	10047986
348547723034771457	ADE	12	18	dreams	10000125
348569764618186753	ADE	42	72	not making me feel so awesome.	10016370
348986300742909952	ADE	24	34	withdrawal	10073281
349178019979603970	ADE	6	30	discontinuation syndrome	10048010
349468372590792704	ADE	8	14	dreams	10000125
350167409312800768	ADE	21	30	withdrawl	10073281
350167409312800768	ADE	117	130	memory damage	10027175
350471561234485248	ADE	20	61	falling into a realm of utter disillusion	10037234
351164048915693569	ADE	131	135	sick	10016365
351490248078929920	ADE	62	96	feel like you're on your death bed	10016370
351543533779419138	ADE	51	60	depressed	10012378
351543533779419138	ADE	70	78	suicidal	10042458
351577305480564737	ADE	16	27	withdrawals	10073281
351577305480564737	ADE	57	78	don't have the energy	10024862
358371997434134529	ADE	20	34	Dilated pupils	10013014
358371997434134529	ADE	39	52	blurry vision	10005889
358371997434134529	ADE	57	63	nausea	10028813
358371997434134529	ADE	68	77	headaches	10019211
347462639066157057	ADE	121	130	bloodbath	10005103
344965474938920960	ADE	127	140	stop breathin	10006338
345549620342034434	ADE	24	28	rash	10037844
348900699217739776	ADE	18	36	allergic reaction 	10001718
352138946559479808	ADE	28	32	acne	10000496
354321976845807617	ADE	11	26	stopped working	10043087
326398829849092097	ADE	32	43	gain weight	10047986
327573331354210304	ADE	52	67	awake all night	10022437
327573331354210304	ADE	72	83	feeling ill	10021345
328054168260595713	ADE	57	62	drunk	10013767
328108880250957825	ADE	42	68	feeling like absolute shit	10016370
328597011970551808	ADE	68	74	shakes	10040528
329211485068881920	ADE	129	141	space me out	10010251
329643623660519424	ADE	87	93	tiered	10043890
329969145821163520	ADE	73	78	shaky	10040528
329969145821163520	ADE	83	88	tired	10043890
329969145821163520	ADE	112	122	withdrawal	10073281
330410314317316097	ADE	89	114	plot to steal my thoughts	10033864
331004479497465857	ADE	114	124	bad dreams	10004063
331084316740304898	ADE	103	108	vomit	10047700
331084316740304898	ADE	119	131	lost 4 stone	10047900
331981886991785984	ADE	27	34	BURPING	10006804
332983321187471361	ADE	37	51	knocked me out	10041014
333444462229479424	ADE	73	78	dizzy	10013580
333444462229479424	ADE	83	88	tired	10043890
333744558200475648	ADE	23	31	sweating	10042661
333893811094835200	ADE	72	85	panic attacks	10033665
334005655155380224	ADE	55	69	lose my temper	10010085
340454413229490176	ADE	91	108	suicidal thoughts	10042458
340454413229490176	ADE	113	135	stops you from jizzing	10021574
341025218204147712	ADE	70	78	suicidal	10042458
342043859523600384	ADE	0	22	Restless Leg Syndrome 	10038741
342594933162647553	ADE	127	134	fatigue	10016256
343656563547967488	ADE	92	102	withdrawal	10073281
346043889146294274	ADE	114	124	joint pain	10023222
347999490206216192	ADE	25	30	dream	10000125
348412032049106944	ADE	59	67	reaction	10001718
348414004630274048	ADE	47	61	feel like shit	10016370
348555717113942016	ADE	30	46	Killed my libido	10024870
349612359658110976	ADE	65	73	reaction	10001718
350030395225542656	ADE	27	42	want to be sick	10028813
350041405743316992	ADE	43	67	dead from the waist down	10024870
350332912530505728	ADE	29	38	headaches	10019211
350332912530505728	ADE	52	56	yawn	10048231
353540795590123525	ADE	13	19	sweaty	10042661
353540795590123525	ADE	31	37	addict	10012336
332308454372950016	ADE	110	114	hurt	10033371
334024708200751104	ADE	34	76	Potato Drug bcuz that's what I looked like	10047896
347305520585121793	ADE	13	19	puking	10047700
347305520585121793	ADE	29	37	headache	10019211
347305520585121793	ADE	46	59	throat is raw	10077283
349141333614661632	ADE	45	51	sleepy	10041018
341636700323344384	ADE	107	115	reaction	10001718
341704795096219648	ADE	24	29	tired	10043890
341767317392326659	ADE	53	68	stopped working	10043087
341808582465032192	ADE	14	32	lost effectiveness	10043087
341809071080497152	ADE	78	85	beat up	10048024
342106074838597633	ADE	4	25	loosing so much blood	10005645
342481261618667521	ADE	95	103	hairloss	10019045
342794515108741121	ADE	11	18	painful	10033371
344469944613875712	ADE	55	60	bloat	10005265
344868452034560000	ADE	41	65	urinary track infections	10046571
344936446702022658	ADE	57	62	tired	10043890
344994590815817728	ADE	103	110	hurting	10033371
345655759767482369	ADE	41	47	nuasea	10028813
345655759767482369	ADE	52	66	low grade temp	10043204
347423789698654209	ADE	90	96	BURNED	10006784
348895818603958272	ADE	36	47	after-sting	10058683
349084992611164160	ADE	112	129	knocking me about	10016370
349190810044096512	ADE	6	16	pooped out	10043890
349252454535274498	ADE	75	89	felt like acid	10006784
349252454535274498	ADE	125	136	lupus flare	10065992
349418881426788352	ADE	84	94	joint pain	10023222
349533528146460672	ADE	104	112	hairloss	10019045
349561304526241794	ADE	33	40	painful	10033371
349715812195643393	ADE	98	103	hurts	10033371
349723227444101121	ADE	71	75	pain	10033371
350042686507581440	ADE	51	83	doesn't even work for me anymore	10043087
350042686507581440	ADE	110	114	sick	10016365
350891051063574529	ADE	63	67	pain	10033371
351395533933395968	ADE	67	75	wear-off	10043087
351400933302878208	ADE	7	12	sting	10058683
351490204550447105	ADE	15	28	BURN MY VEINS	10006784
351492291271213056	ADE	3	7	pain	10033371
351523364428451840	ADE	39	56	respiratory probs	10038683
351523524277579776	ADE	62	78	chest infections	10008477
352038390339878913	ADE	113	118	lung 	10061230
326746923396632576	ADE	132	138	raging	10037804
341657848503226369	ADE	56	63	anxious	10016323
341657848503226369	ADE	68	77	insomniac	10022437
341773755195990016	ADE	65	73	allergic	10001718
341773755195990016	ADE	114	117	SJS	10042030
341962640240828417	ADE	11	14	ADD	10001118
341962640240828417	ADE	39	45	memory	10027175
341962640240828417	ADE	46	63	attention-killing	10003738
342614476702494722	ADE	77	81	rash	10037844
343647552094224384	ADE	4	16	restlessness	10038743
343647552094224384	ADE	21	29	insomnia	10022437
344103487942057987	ADE	65	69	rash	10037844
345455189119102976	ADE	45	49	flat	10016759
345607014812110848	ADE	95	112	allergic reaction	10001718
346575368041410561	ADE	106	120	gaining weight	10047986
347388396655755264	ADE	9	12	nap	10011865
347542434500206592	ADE	36	47	skin issues	10040831
348622833217318912	ADE	9	19	withdrawal	10073281
348622833217318912	ADE	29	37	STARVING	10020466
352144946549108737	ADE	28	34	sleepy	10041018
327148912026734592	ADE	76	93	fewer hours sleep	10041001
328219079762653184	ADE	117	128	won't sleep	10011001
328529078753845248	ADE	34	43	Exhausted	10015667
328529078753845248	ADE	48	54	grumpy	10023000
328896519174504449	ADE	38	47	headaches	10019211
329515653251883008	ADE	76	81	tummy	10045148
329515653251883008	ADE	83	92	tiredness	10043890
329515653251883008	ADE	102	114	disconnected	10012536
329669841520836608	ADE	63	73	joint pain	10023222
331383865438519297	ADE	31	46	hyper-sensitive	10044124
333185474300620800	ADE	7	28	dreadful nights sleep	10040999
333185474300620800	ADE	30	40	joint pain	10023222
333194880765546496	ADE	43	47	pain	10033371
333194880765546496	ADE	78	88	poor sleep	10036160
333199163514843137	ADE	60	64	pain	10033371
340903633312960512	ADE	93	97	cry 	10011469
341317871877648385	ADE	13	22	headaches	10019211
345036111376183296	ADE	18	38	staying up all night	10011001
345549207278592001	ADE	114	139	tipped me to a dark place	10049709
349182910127038464	ADE	94	98	rash	10037844
352936340440092673	ADE	0	17	Allergic reaction	10001718
352936422690394113	ADE	0	17	Allergic reaction	10001718
352936510225522688	ADE	0	17	Allergic reaction	10001718
352936664089387008	ADE	0	17	Allergic reaction	10001718
352936746062856192	ADE	0	17	Allergic reaction	10001718
354265959877443586	ADE	50	63	night terrors	10029411
354290144402092033	ADE	86	90	sick	10016365
333007591879884802	ADE	32	53	vasovagal pre-syncope	10036507
333007591879884802	ADE	68	76	toxicity	10013746
333007591879884802	ADE	78	92	Hard to digest	10012790
343614935055613952	ADE	45	62	pain in my joints	10033434
348457714147553280	ADE	16	36	cannot be in the sun	10042494
351082980330045440	ADE	25	34	headaches	10019211
351082980330045440	ADE	36	44	Vomiting	10047700
351082980330045440	ADE	46	54	Diarrhea	10012727
331500382746472448	ADE	48	54	nausea	10028813
343545703097839616	ADE	19	38	CANT FEEL MY THROAT	10059933
345922687161491456	ADE	28	35	sweatin	10042661
347309156950228993	ADE	85	103	CANT FEEL MY MOUTH	10029855
349168277181853696	ADE	93	102	addiction	10001125
349252013076393985	ADE	112	121	addiction	10001125
349564105188851712	ADE	112	121	addiction	10001125
341353517811900416	ADE	12	20	allergic	10001718
341353517811900416	ADE	40	45	Rash 	10037844
341353517811900416	ADE	57	75	Needing my inhaler	10006338
348910622882271233	ADE	49	61	crazy dreams	10004969
353523202628124672	ADE	64	74	chest pain	10008479
339668449242542080	ADE	9	17	headache	10019211
339786137767919618	ADE	72	81	addiction	10001125
339788673040121857	ADE	80	94	stuffy sinuses	10028771
339788673040121857	ADE	108	117	addiction	10001125
339846013877624832	ADE	17	60	DRIVING MY FUCKING MIND UP THE FUCKING WALL	10048345
340112238746685441	ADE	38	46	addicted	10012336
340212184988659712	ADE	66	75	addiction	10001125
340217407362715649	ADE	93	109	rip out my teeth	10001495
340253546513584128	ADE	23	33	withdrawal	10073281
340260393526104064	ADE	34	42	withdraw	10073281
340273617654923265	ADE	9	20	withdrawals	10073281
340275567662333953	ADE	33	38	cough	10011224
340287660444749825	ADE	71	79	addicted	10012336
340291748402192384	ADE	27	38	 withdrawls	10073281
340294493112782848	ADE	29	37	CRAVINGS	10056484
340300895780757504	ADE	9	19	withdrawal	10073281
340307896074133504	ADE	11	19	addicted	10012336
340313583827156992	ADE	21	37	going to my head	10019203
340329390070173696	ADE	0	8	addicted	10012336
340331870745149440	ADE	9	20	withdrawals	10073281
340331870745149440	ADE	46	54	headache	10019211
340331870745149440	ADE	56	65	irritable	10023000
340345154877673473	ADE	94	105	 withdrawal	10073281
340345183008870400	ADE	28	55	moods are void of stability	10027951
340359703513157632	ADE	19	27	migraine	10027599
340359703513157632	ADE	109	120	withdrawals	10073281
340366862602862593	ADE	29	34	sleep	10022437
353061725102280705	ADE	45	54	addiction	10001125
328202474655723522	ADE	24	32	sweating	10042661
330757789905457154	ADE	37	45	allergic	10001720
343388798903795712	ADE	9	19	depression	10012378
327323676317974528	ADE	36	47	weight gain	10047896
327789313175719936	ADE	91	97	weight	10047896
327790926812561409	ADE	64	82	put much weight on	10047896
328217835249741825	ADE	86	94	restless	10038740
328464211007111171	ADE	42	54	oversleeping	10019158
328464211007111171	ADE	59	69	overeating	10015598
330016889487110145	ADE	102	105	fat	10047896
330406681496395777	ADE	52	60	munchies	10016336
330742256787156993	ADE	46	54	munchies	10016336
330755655256379393	ADE	90	96	nausea	10028813
330755655256379393	ADE	101	110	akathisia	10001540
331437863528972288	ADE	68	76	munchies	10016336
331437863528972288	ADE	98	140	not being able to fit into summer wardrobe	10047896
332450567819497472	ADE	40	53	put on weight	10047896
333197031659167746	ADE	25	36	weight gain	10047896
340367344461287424	ADE	117	125	sluggish	10041052
340773072036560897	ADE	0	36	going off of olanzapine is no picnic	10048010
341140203810992128	ADE	97	122	weight still keeps coming	10047896
341254984349908994	ADE	105	122	look like a whale	10047896
341262613616943104	ADE	83	97	olanzapine lbs	10047896
342200100585615364	ADE	74	101	interfering with my visions	10047508
342200100585615364	ADE	119	130	memory loss	10027176
342222086913261568	ADE	41	47	drowsy	10013649
342222086913261568	ADE	49	60	weight gain	10047896
344099735004643330	ADE	62	72	weightgain	10047896
344551845043245056	ADE	71	76	sloth	10041052
344551845043245056	ADE	77	88	weight gain	10047896
345624026254823424	ADE	48	60	slept aw day	10011865
345624026254823424	ADE	75	85	torn faced	10023000
345624026254823424	ADE	116	128	Swollen feet	10042693
345784351839121408	ADE	43	56	gained weight	10047986
351125191423832067	ADE	99	124	symptoms of schizophrenia	10027372
351455090193858560	ADE	33	40	crazier	10037234
352181796122800132	ADE	45	56	raging bm's	10012727
352181796122800132	ADE	58	69	mood swings	10027951
352181796122800132	ADE	74	85	weight gain	10047896
352903991157456896	ADE	30	43	restless legs	10038742
327741473003028480	ADE	117	131	pinsandneedles	10035067
328287774262321153	ADE	21	32	withdrawals	10073281
329316938452971520	ADE	110	114	fat.	10047896
333675186622701570	ADE	74	85	weight gain	10047896
340328381679812608	ADE	56	69	coming off it	10048010
347485185048182784	ADE	115	122	plateau	10043087
352543113685901315	ADE	74	88	behaving oddly	10004203
332070396104953857	ADE	79	87	INSOMNIA	10022437
332738112079937536	ADE	28	57	you are so Horny and I am NOT	10024870
332988218192588800	ADE	78	99	hide in the apartment	10001502
333790777761218560	ADE	26	34	allergic	10001718
333790777761218560	ADE	65	69	puke	10047700
340420826677522432	ADE	69	94	sleeping 12 hours a night	10041000
340420826677522432	ADE	101	125	falling asleep every day	10011865
340446614231588864	ADE	59	70	weight gain	10047896
342057223196930048	ADE	14	49	gained a good seven or eight pounds	10047986
342452668922462208	ADE	90	94	sick	10016365
343745558382522369	ADE	115	122	vertigo	10047340
345334049679753216	ADE	68	86	gained over 20 lbs	10047986
345964683720814592	ADE	7	17	nightmares	10029414
346476151549612032	ADE	76	85	depressed	10012378
347410750572228608	ADE	68	75	wrecked	10016370
347883700345782272	ADE	48	57	addictive	10012336
348552848730116096	ADE	48	58	terrifying	10016370
349208893144043523	ADE	89	100	no feelings	10071175
349385477150879746	ADE	83	87	sick	10016365
349428920552136704	ADE	73	83	withdrawal	10073281
349607304951373826	ADE	26	35	withdrawl	10073281
349644702485716992	ADE	63	72	emotional	10014555
349708387447083009	ADE	22	38	working any more	10043087
349892793587613697	ADE	77	97	gain unwanted pounds	10047986
349892793587613697	ADE	102	114	water weight	10047839
350167875132194816	ADE	106	116	withdrawn 	10048013
351474792215494656	ADE	31	37	orgasm	10021574
351476009989705728	ADE	12	21	ejaculate	10021574
351683349422673920	ADE	104	113	depressed	10012378
352327453202595840	ADE	14	30	NOT LET ME SLEEP	10041001
352807680508837889	ADE	83	100	psychotic episode	10037254
352846236526706689	ADE	88	97	impotency	10021550
352848888790654976	ADE	88	97	impotency	10021550
353503396331921409	ADE	76	98	value your brain cells	10027175
354092257533632512	ADE	41	58	impossible to cry	10071175
354458322214191104	ADE	33	44	withdrawals	10073281
354458322214191104	ADE	65	85	loss of circulation 	10036155
358353085535494144	ADE	80	94	face break out	10000496
358354458083729408	ADE	11	19	allergic	10001718
358354458083729408	ADE	79	93	face break out	10000496
332972801034182656	ADE	79	86	numbing	10071175
342113162528690178	ADE	104	117	random crying	10011469
343602709519273985	ADE	62	71	brain zap	10033775
343602709519273985	ADE	74	80	twitch	10045198
348698825512321024	ADE	24	35	withdrawals	10073281
351619134334832641	ADE	16	26	withdrawal	10073281
351619134334832641	ADE	39	60	eyeballs make a sound	10070539
351679516072087552	ADE	47	58	withdrawals	10073281
332142355593437184	ADE	116	122	zombie	10016384
340300906463649793	ADE	17	29	no legit sex	10040477
340448348303663104	ADE	39	44	dream	10000125
340512383955001345	ADE	63	72	tolerance	10043087
340529630492639232	ADE	33	38	antsy	10038740
341358849598562304	ADE	24	38	destroy myself	10043498
341690963808370690	ADE	65	71	zombie	10016384
341813665302990848	ADE	60	70	withdrawal	10073281
341835868912353280	ADE	40	43	nap	10011865
341964046477688832	ADE	44	50	scared	10016275
341964046477688832	ADE	90	112	need to save the world	10012239
342024276129492992	ADE	132	143	dries mouth	10013781
326665428493557760	ADE	39	52	added 1 stone	10047986
326784616725880832	ADE	2	5	ate	10021654
326817604373200896	ADE	31	52	horrid imposing dream	10004063
326972731151228928	ADE	36	42	drowsy	10013649
327147666570108928	ADE	47	62	sleep paralysis	10041002
328962220069371905	ADE	47	53	hunger	10016336
328962220069371905	ADE	58	66	cravings	10056465
329560003147087873	ADE	93	99	drowsy	10013650
331338155691229184	ADE	18	31	feeling weird	10047904
331479118598246403	ADE	61	73	not sleeping	10012804
331842963699286016	ADE	77	85	hungrier	10016336
332225282062823424	ADE	15	21	eating	10021654
341327231508967424	ADE	27	34	fatness	10047896
341327231508967424	ADE	83	97	weight-gaining	10047896
342210117292392448	ADE	19	34	sleep right now	10041014
342217867749621762	ADE	54	60	drowsy	10013651
342232503395962880	ADE	99	108	nightmare	10029412
342662725165543426	ADE	38	56	need to sleep 24/7	10041000
342725404320210944	ADE	40	48	headache	10019211
344911702590099456	ADE	29	34	weird	10047904
345318152424546304	ADE	1	13	restlesslegs	10038742
345725882620579841	ADE	109	118	hangovers	10019136
346418587210244097	ADE	59	71	hallucinate 	10019063
346677268946501632	ADE	25	36	gain weight	10047986
347124997317345280	ADE	67	81	lucid dreaming	10079069
347124997317345280	ADE	86	101	sleep paralysis	10041002
347260952837754880	ADE	92	98	zombie	10016384
349659449692139520	ADE	54	60	hungry	10016336
350606045862830080	ADE	81	89	Sweating	10042661
351400394146070529	ADE	45	84	not dangerous but it is damn unpleasant	10016370
351410557112434688	ADE	58	80	able to sleep at night	10012804
351605957421309952	ADE	17	27	fast pulse	10037487
351834238540185600	ADE	127	138	withdrawals	10073281
352544481175801856	ADE	25	45	knocked me sidewards	10016256
352905914640109568	ADE	79	93	slept horribly	10040995
353102470534279169	ADE	54	63	zombified	10016384
353158902520619010	ADE	104	112	drooling	10013642
353477521070751744	ADE	103	117	get out of bed	10019158
353492546833498112	ADE	53	58	taste	10043132
353493347912003584	ADE	94	123	eating incredibly differently	10074314
353643138826510336	ADE	103	117	sleep 12 hours	10041000
353979581033750530	ADE	124	129	burnt	10042494
354004406896828416	ADE	28	46	increased appetite	10021654
354004406896828416	ADE	51	59	cravings	10056465
354178409426993153	ADE	37	43	zombie	10016384
354310048798867456	ADE	78	89	not stay up	10041014
354334544473751552	ADE	34	43	prolactin	10036828
354334544473751552	ADE	62	77	boobs humungous	10014843
354342711177912322	ADE	55	71	prolactin levels	10036828
354342711177912322	ADE	83	98	boobs humungous	10014843
343826721545527298	ADE	54	63	back ache	10003978
344501930900484097	ADE	39	48	back pain	10003988
344501930900484097	ADE	119	123	weak	10047862
344501930900484097	ADE	128	140	aching knees	10000447
345414952993034241	ADE	24	28	neck	10028836
345414952993034241	ADE	33	44	should ache	10000424
345414952993034241	ADE	52	61	back pain	10003988
345414952993034241	ADE	66	75	knee ache	10000447
345720878023196672	ADE	32	41	Neck ache	10028836
345720878023196672	ADE	52	61	back pain	10003988
345958089830301696	ADE	28	38	not hungry	10003028
346343460770557953	ADE	40	44	back	10003988
346343460770557953	ADE	49	58	knee pain	10023477
346343460770557953	ADE	110	125	walking painful	10047810
346732358474547200	ADE	75	79	ache	10000424
347165168804966400	ADE	45	58	pains in head	10019198
347165168804966400	ADE	60	64	neck	10028836
347165168804966400	ADE	66	70	back	10003988
347165168804966400	ADE	72	75	hip	10033432
347165168804966400	ADE	80	84	legs	10024130
347521087304785920	ADE	37	46	neck pain	10028836
347521087304785920	ADE	51	66	legs still weak	10065702
348262745730338817	ADE	82	86	pain	10033371
348262745730338817	ADE	92	107	fluid retention	10016807
348296500692017152	ADE	29	35	oedema	10030095
348296500692017152	ADE	44	65	musculo-skeletal pain	10028391
349629182269067268	ADE	132	138	aching	10062428
348083103367041025	ADE	105	119	lost 10 pounds	10047900
332397858290540544	ADE	0	14	Slept 11 hours	10041000
332524625093328900	ADE	42	53	Slow Turtle	10041052
332830369000853504	ADE	71	83	panic attack	10033664
332882069376086016	ADE	89	94	tired	10043890
333081207036342272	ADE	35	48	gotta wake up	10019158
333102549362176001	ADE	21	27	sleepy	10041018
333121972554825729	ADE	44	60	boner kryptonite	10015118
333161437751042048	ADE	102	114	dissociation	10013457
333249805876883456	ADE	62	83	stacked on the weight	10047896
333467863526563840	ADE	33	41	munchies	10016336
333799489687154688	ADE	62	70	sedated 	10039897
333799489687154688	ADE	85	96	unconscious	10041349
333961225606144000	ADE	34	40	dreams	10000125
340520477078458368	ADE	32	41	lethargic	10024262
340574014571417602	ADE	85	89	mute	10041470
340737923777445890	ADE	62	82	don't want to get up	10019158
341063755989409792	ADE	29	41	weird dreams	10000125
341176359953002497	ADE	78	89	don't sleep	10041001
341176359953002497	ADE	113	124	cant get up	10019158
341919706502029313	ADE	71	93	knock me the fuck out 	10024855
341958012736507904	ADE	40	52	restlessness	10038743
341958012736507904	ADE	71	78	jitters	10023191
341989840398716928	ADE	50	59	17h sleep	10041000
341996255213400064	ADE	81	101	tolerance to the sun	10042494
342050583336857600	ADE	113	119	zombie	10016384
342084395622084608	ADE	38	52	knocked me out	10041014
342128993094496257	ADE	21	27	sleepy	10041018
342197181085782016	ADE	3	10	tremors	10044565
342228877445316609	ADE	67	74	jolting	10023188
342228877445316609	ADE	78	85	rocking	10001540
342305559216807936	ADE	23	41	sleep for 12 hours	10041000
342378452453826563	ADE	8	14	sleepy	10041018
342637586717765633	ADE	47	63	fucked up dreams	10000128
342984510918500352	ADE	97	106	psychosis	10037234
343238435450015744	ADE	97	110	feel so drink	10013767
343238435450015744	ADE	113	129	cant really walk	10049278
343238435450015744	ADE	139	148	nauseated	10028822
343283285671170048	ADE	16	34	sleep for 15 hours	10041000
343923205213392896	ADE	10	13	RLS	10038741
343923205213392896	ADE	103	124	restless leg syndrome	10038741
344231834302939136	ADE	20	26	hungry	10016336
344231834302939136	ADE	44	50	hunger	10016336
345025450898231296	ADE	40	44	coma	10041349
345093691305779200	ADE	39	46	floatin	10016782
345286735330177024	ADE	47	52	sleep	10040995
345410371047260163	ADE	25	39	gaps in memory	10027175
345505230403825664	ADE	56	71	manic reactions	10026781
345505230403825664	ADE	81	86	angry	10002368
345505230403825664	ADE	119	125	 tired	10043890
345547397381890049	ADE	60	71	convulsions	10010914
345547397381890049	ADE	73	78	fever	10016558
345547397381890049	ADE	80	95	toxic reactions	10013746
345547397381890049	ADE	97	116	psychotic reactions	10067568
345578027834556416	ADE	76	81	loopy	10017565
345579805963587589	ADE	120	129	gained 50	10047986
346348329573179393	ADE	85	106	knocks you outttttttt	10024855
347199186548166656	ADE	44	54	crazy town	10037234
347488934407852032	ADE	112	123	overheating	10005911
347561124721479681	ADE	24	35	eat so much	10021654
347615048014905345	ADE	27	55	only let me sleep four hours	10040995
347634811202048000	ADE	99	104	mania	10026749
347733883208486912	ADE	74	91	knocked on my ass	10016256
347901459817455617	ADE	42	51	addictive	10012336
348896272700293121	ADE	72	77	sleep	10041349
348896272700293121	ADE	116	124	hangover	10019136
348999263306522624	ADE	130	139	eat A LOT	10021654
349177961511002113	ADE	83	96	diabetes risk	10012594
349184717410684928	ADE	60	63	ill	10021345
349200053262508033	ADE	39	62	 sleeping 18 hrs a day 	10011865
349373682134695939	ADE	36	45	addictive	10012336
349674261251764224	ADE	95	103	retarded	10027374
349684697766440960	ADE	17	33	need to be awake	10041349
349931566463590404	ADE	98	129	hardly open or close your mouth	10039897
350136494134009856	ADE	33	39	hungry	10016336
350636755659141121	ADE	73	84	weight gain	10047896
350666076348104704	ADE	59	68	zombified	10016384
350779886958424065	ADE	33	48	feel like death	10016370
350855673002729472	ADE	103	113	hotflashes	10020407
351133278692057088	ADE	74	77	RLS	10038741
351163750826524672	ADE	84	92	hit hard	10039897
351610554005209089	ADE	60	67	tremors	10044565
351610554005209089	ADE	72	83	weight gain	10047896
351610554005209089	ADE	85	93	Diabetes	10012594
351635820056289281	ADE	85	93	 tremors	10044565
351635820056289281	ADE	98	109	weight gain	10047896
329254232714792961	ADE	87	107	difficult to wake up	10019158
329345839392751616	ADE	62	66	flat	10016759
329736817622536192	ADE	90	94	drip	10036402
330317678180966401	ADE	0	105	last night I was a mermaid and then a wizard who had to save the world while being hunted by the japanese	10004969
332241130353745920	ADE	103	115	crazy dreams	10004969
332273658179493889	ADE	30	39	dry mouth	10013781
332473148018663424	ADE	22	47	Slept through every alarm	10019158
333034270115377153	ADE	11	20	hangovers	10019136
333684960886157312	ADE	47	74	sleeping 9 hours in the day	10011865
340503446417469441	ADE	22	32	withdrawal	10073281
340503446417469441	ADE	42	51	confusion	10010300
340503446417469441	ADE	53	66	deliriousness	10012217
340503446417469441	ADE	68	80	nauesousness	10028823
340503446417469441	ADE	85	93	insomnia	10022437
340503446417469441	ADE	95	105	withdrawal	10073281
340690595683106816	ADE	59	82	sleep for like 12 hours	10041000
340944956237692928	ADE	38	46	headache	10019211
340944956237692928	ADE	55	63	headache	10019211
340944956237692928	ADE	91	101	withdrawls	10073281
341763429310267392	ADE	72	80	hungover	10019136
341779643747143681	ADE	79	85	groggy	10018730
341779643747143681	ADE	107	116	wont wake	10019158
341985679204560898	ADE	25	39	horrible sleep	10040995
342474245466636290	ADE	13	20	yawning	10048232
344826281612935168	ADE	6	11	dream	10000125
350418647476469760	ADE	70	83	vision blurry	10005889
351727727977570304	ADE	20	36	just now wake up	10019158
353718423064297473	ADE	115	119	bone	10036661
353821392384438272	ADE	3	12	tolerance	10043087
332848240263327744	ADE	80	92	resisting it	10043087
340692300143419392	ADE	45	50	tired	10043890
340692300143419392	ADE	55	64	out of it	10041374
342449187138449409	ADE	70	84	brain disorder	10006120
343860814521962496	ADE	26	35	knee pain	10023477
344384631027675136	ADE	7	20	put on weight	10047896
350722228662435841	ADE	28	33	itchy	10023089
350722228662435841	ADE	41	53	neck was red	10038194
351393013202817024	ADE	13	19	energy	10057841
351399936551690240	ADE	17	22	tired	10043890
353580369704017920	ADE	8	15	bruises	10006502
326732768149135360	ADE	16	27	limbs ached	10000448
326732768149135360	ADE	38	47	shivering	10040558
326732768149135360	ADE	121	131	withdrawal	10073281
328158014865559552	ADE	47	57	nightmares	10029414
328158014865559552	ADE	61	86	coming of it was horrific	10048010
329161381788127233	ADE	33	48	Disturbed sleep	10040999
329517384106913792	ADE	50	70	screwing up my sleep	10040995
329729190993747968	ADE	102	117	acid like trips	10034376
329978561559678977	ADE	23	29	nausea	10028813
329978561559678977	ADE	31	39	headache	10019211
329978561559678977	ADE	41	47	sweats	10042661
329978561559678977	ADE	49	61	flu symptoms	10016791
329978561559678977	ADE	68	76	diarrhea	10012727
329978561559678977	ADE	133	143	withdrawal	10073281
331071076161437696	ADE	65	79	15 hours sleep	10041000
331087510249828353	ADE	65	77	walking dead	10016384
331755953420656640	ADE	68	89	messing with my sleep	10040995
332115528632127489	ADE	90	107	wrecking my sleep	10040995
332545540216729601	ADE	30	43	mixed episode	10065032
333878722874707968	ADE	12	20	hangover	10019136
333960519964819458	ADE	58	61	cry	10011469
333960519964819458	ADE	66	78	throw chairs	10062375
336971197185146882	ADE	98	115	feeling like shit	10016370
341324494620733440	ADE	67	103	sprayed hairspray all over my tongue	10043945
342248119687331841	ADE	78	117	brain feels like its actually vibrating	10033775
342341320465076225	ADE	61	73	Paraesthesia	10033775
343051602833330176	ADE	47	55	withdraw	10073281
343362848266797057	ADE	86	95	depressed	10012378
343362848266797057	ADE	108	119	overreacted	10014559
347814900548132865	ADE	102	107	tired	10043890
349507022057766912	ADE	102	113	withdrawals	10073281
351111188026896384	ADE	40	50	withdrawal	10073281
351395434624856064	ADE	101	107	drowsy	10013652
351411363366703104	ADE	56	64	sedative	10039897
352526763387133953	ADE	31	41	withdrawal	10073281
353061971907723266	ADE	54	64	withdrawal	10073281
353174986690805760	ADE	81	133	sucked going from 100mg Desvenlafaxine / day to zero	10048010
342119329690681344	ADE	64	72	NAUSEOUS	10028823
343354898609471488	ADE	35	47	vision shake	10052087
345579566951198722	ADE	12	20	nauseous	10028823
346407033261666304	ADE	66	77	withdrawals	10073281
330045611476938753	ADE	32	41	palpitate	10033556
341606023297134592	ADE	3	16	breath smells	10006325
341638796292550657	ADE	94	110	digestive system	10017949
341656590757277696	ADE	33	47	drive me crazy	10037234
341695280397291520	ADE	46	54	headache	10019211
341740363968548865	ADE	45	57	feelin weird	10047904
341767085216645120	ADE	9	23	could be tired	10022437
341767085216645120	ADE	67	81	never sleeping	10041001
341771192279105538	ADE	26	49	remembered what food is	10003028
341784793559752704	ADE	0	38	Ready for bed but vyvanse is saying no	10022437
341784793559752704	ADE	40	57	forciblynocturnal	10022437
341819046519517186	ADE	21	43	not going to go to bed	10022437
341890864739663872	ADE	70	87	stay up all night	10011001
341890864739663872	ADE	88	117	feeling like you have to poop	10057071
341917271851151360	ADE	18	21	mad	10002368
341941862883545089	ADE	24	42	didn't eat a thing	10003017
341954130228674560	ADE	23	32	sleepless	10011001
341954130228674560	ADE	53	58	awake	10022437
341991007174414336	ADE	18	21	OCD	10029898
341991007174414336	ADE	75	80	wired	10001495
342013591882457089	ADE	59	70	mood swings	10027951
342015253569216514	ADE	14	17	eat	10003028
342026873712308224	ADE	88	100	spazzing out	10014559
342051382880247808	ADE	58	76	heart will explode	10019297
342066984902610946	ADE	10	21	haven't ate	10003028
342088936824393728	ADE	0	28	can't even enjoy this banana	10043132
342113962495721472	ADE	16	29	keeping me up	10011001
342132195806310400	ADE	30	41	no sleeping	10041001
342148556968300544	ADE	86	89	OCD	10029898
342157040875106304	ADE	45	61	want to sleeeeep	10022437
342160820739915776	ADE	64	71	not eat	10003028
342161058653405184	ADE	41	89	food just looks/sounds/tastes fucking disgusting	10049238
342161425730510848	ADE	52	59	nosleep	10041001
342170584928624640	ADE	54	63	stressful	10042209
342294447725375488	ADE	41	60	fuck with your head	10027374
342318826886676480	ADE	19	36	fucks up my sleep	10040999
342326445126844418	ADE	39	46	sweatin	10042661
342360890932350976	ADE	31	41	sleep less	10011001
342452289723850753	ADE	34	48	grind my teeth	10043176
342501416755163137	ADE	47	56	cantsleep	10011001
342518568350543872	ADE	23	31	addicted	10012336
342523133313560576	ADE	42	61	makes me an asshole	10034719
342616665252589568	ADE	90	100	wide awake	10012804
342643910436335617	ADE	53	72	continuous shitting	10017367
342646731856572416	ADE	56	64	negative	10058672
342649393196978177	ADE	9	22	back to sleep	10040995
342681916622909442	ADE	59	72	heart stopped	10007517
342744900044980225	ADE	53	64	dehydration	10012174
342891051788402688	ADE	102	111	wideawake	10012804
342892952022048768	ADE	18	48	doesn't care about my bed time	10040999
342900290787373056	ADE	51	60	not slept	10041001
343255424683892736	ADE	47	55	insomnia	10022437
343255424683892736	ADE	79	87	insomnia	10022437
343266557956333568	ADE	21	33	Not sleeping	10012804
343355160136933377	ADE	84	88	rage	10037804
343447619823095808	ADE	79	119	stop spending all of your income in food	10003028
343499670053584896	ADE	44	54	over think	10067192
343499670053584896	ADE	82	87	angry	10002368
343743356163207169	ADE	30	58	feel like I need to throw up	10028823
343771158736404481	ADE	78	93	cooked my brain	10027175
343843096389353472	ADE	61	67	shakes	10040528
343924083425161216	ADE	32	41	dry mouth	10013781
343924083425161216	ADE	73	79	saliva	10039379
343991140971868161	ADE	33	38	sleep	10011001
344050856792043520	ADE	7	20	need to sleep	10022437
344106817900646401	ADE	0	8	No taste	10043134
344108262645460992	ADE	28	37	don't eat	10003017
344204109789933568	ADE	27	30	OCD	10029898
344205804322304001	ADE	45	48	OCD	10029898
344253193317912576	ADE	17	31	think too much	10067192
344256177779122176	ADE	31	45	think too much	10067192
344260506229547008	ADE	31	46	think too much 	10067192
344453727299702785	ADE	0	11	All nighter	10011001
344470680961679362	ADE	17	25	tolerant	10043087
344583271889379328	ADE	52	63	hating food	10049238
344594372345622528	ADE	3	13	mind races	10067192
344600649050243073	ADE	20	29	depressed	10012378
344616533332467713	ADE	45	48	OCD	10029898
344757173085151232	ADE	20	28	no sleep	10041001
344764641404145664	ADE	48	61	can't sleeeep	10011001
344811607156723713	ADE	62	73	teamnosleep	10011001
344827002508939264	ADE	27	47	talk a mile a minute	10043111
344872069089075200	ADE	60	65	sleep	10011001
344896209737105409	ADE	42	48	addict	10012336
344898461449199618	ADE	72	94	can't go back to sleep	10011001
345018750845734913	ADE	41	48	nosleep	10041001
345052662800191489	ADE	48	55	nosleep	10041001
345227897633648640	ADE	10	24	plan on eating	10003028
345293061229772800	ADE	36	41	dizzy	10013580
345293061229772800	ADE	56	66	chest hurt	10008479
352596786940100609	ADE	37	61	got ten minutes of sleep	10041001
358350698636775424	ADE	20	28	sweating	10042661
344446908271570944	ADE	95	104	Nosebleed	10029792
346097617819799552	ADE	48	54	orgasm	10021574
333697653349179393	ADE	91	116	never have another orgasm	10021574
342344675572727811	ADE	65	69	coma	10041349
348383854089871360	ADE	72	91	gain so much weight	10047986
349181683293102080	ADE	99	117	increase my weight	10047898
